*** Using Compiler 'V6.16', folder: 'D:\C\File\stm32\keil\ARM\ARMCLANG\Bin'
Build target '0811_stm32f4'
../Core/Src/main.c(21): warning: In file included from...../Middlewares/Third_Party/FreeRTOS/Source/CMSIS_RTOS_V2\cmsis_os.h(126): warning: In file included from...../Middlewares/Third_Party/FreeRTOS/Source/include\FreeRTOS.h(62): warning: In file included from...../Middlewares/Third_Party/FreeRTOS/Source/include/portable.h(52): warning: In file included from...../Middlewares/Third_Party/FreeRTOS/Source/portable/RVDS/ARM_CM4F\portmacro.h(167): error: unknown type name '__forceinline'
static portFORCE_INLINE void vPortSetBASEPRI( uint32_t ulBASEPRI )
       ^
../Middlewares/Third_Party/FreeRTOS/Source/portable/RVDS/ARM_CM4F\portmacro.h(162): note: expanded from macro 'portFORCE_INLINE'
        #define portFORCE_INLINE __forceinline
                                 ^
../Middlewares/Third_Party/FreeRTOS/Source/portable/RVDS/ARM_CM4F\portmacro.h(170): error: expected 'volatile', 'inline', 'goto', or '('
        {
        ^
../Middlewares/Third_Party/FreeRTOS/Source/portable/RVDS/ARM_CM4F\portmacro.h(178): error: unknown type name '__forceinline'
static portFORCE_INLINE void vPortRaiseBASEPRI( void )
       ^
../Middlewares/Third_Party/FreeRTOS/Source/portable/RVDS/ARM_CM4F\portmacro.h(162): note: expanded from macro 'portFORCE_INLINE'
        #define portFORCE_INLINE __forceinline
                                 ^
../Middlewares/Third_Party/FreeRTOS/Source/portable/RVDS/ARM_CM4F\portmacro.h(183): error: expected 'volatile', 'inline', 'goto', or '('
        {
        ^
../Middlewares/Third_Party/FreeRTOS/Source/portable/RVDS/ARM_CM4F\portmacro.h(193): error: unknown type name '__forceinline'
static portFORCE_INLINE void vPortClearBASEPRIFromISR( void )
       ^
../Middlewares/Third_Party/FreeRTOS/Source/portable/RVDS/ARM_CM4F\portmacro.h(162): note: expanded from macro 'portFORCE_INLINE'
        #define portFORCE_INLINE __forceinline
                                 ^
../Middlewares/Third_Party/FreeRTOS/Source/portable/RVDS/ARM_CM4F\portmacro.h(196): error: expected 'volatile', 'inline', 'goto', or '('
        {
        ^
../Middlewares/Third_Party/FreeRTOS/Source/portable/RVDS/ARM_CM4F\portmacro.h(205): error: unknown type name '__forceinline'
static portFORCE_INLINE uint32_t ulPortRaiseBASEPRI( void )
       ^
../Middlewares/Third_Party/FreeRTOS/Source/portable/RVDS/ARM_CM4F\portmacro.h(162): note: expanded from macro 'portFORCE_INLINE'
        #define portFORCE_INLINE __forceinline
                                 ^
../Middlewares/Third_Party/FreeRTOS/Source/portable/RVDS/ARM_CM4F\portmacro.h(205): error: expected ';' after top level declarator
static portFORCE_INLINE uint32_t ulPortRaiseBASEPRI( void )
                                ^
                                ;
8 errors generated.
compiling main.c...
../Middlewares/Third_Party/FreeRTOS/Source/event_groups.c(37): warning: In file included from...../Middlewares/Third_Party/FreeRTOS/Source/include\FreeRTOS.h(62): warning: In file included from...../Middlewares/Third_Party/FreeRTOS/Source/include/portable.h(52): warning: In file included from...../Middlewares/Third_Party/FreeRTOS/Source/portable/RVDS/ARM_CM4F\portmacro.h(167): error: unknown type name '__forceinline'
static portFORCE_INLINE void vPortSetBASEPRI( uint32_t ulBASEPRI )
       ^
../Middlewares/Third_Party/FreeRTOS/Source/portable/RVDS/ARM_CM4F\portmacro.h(162): note: expanded from macro 'portFORCE_INLINE'
        #define portFORCE_INLINE __forceinline
                                 ^
../Middlewares/Third_Party/FreeRTOS/Source/portable/RVDS/ARM_CM4F\portmacro.h(170): error: expected 'volatile', 'inline', 'goto', or '('
        {
        ^
../Middlewares/Third_Party/FreeRTOS/Source/portable/RVDS/ARM_CM4F\portmacro.h(178): error: unknown type name '__forceinline'
static portFORCE_INLINE void vPortRaiseBASEPRI( void )
       ^
../Middlewares/Third_Party/FreeRTOS/Source/portable/RVDS/ARM_CM4F\portmacro.h(162): note: expanded from macro 'portFORCE_INLINE'
        #define portFORCE_INLINE __forceinline
                                 ^
../Middlewares/Third_Party/FreeRTOS/Source/portable/RVDS/ARM_CM4F\portmacro.h(183): error: expected 'volatile', 'inline', 'goto', or '('
        {
        ^
../Middlewares/Third_Party/FreeRTOS/Source/portable/RVDS/ARM_CM4F\portmacro.h(193): error: unknown type name '__forceinline'
static portFORCE_INLINE void vPortClearBASEPRIFromISR( void )
       ^
../Middlewares/Third_Party/FreeRTOS/Source/portable/RVDS/ARM_CM4F\portmacro.h(162): note: expanded from macro 'portFORCE_INLINE'
        #define portFORCE_INLINE __forceinline
                                 ^
../Middlewares/Third_Party/FreeRTOS/Source/portable/RVDS/ARM_CM4F\portmacro.h(196): error: expected 'volatile', 'inline', 'goto', or '('
        {
        ^
../Middlewares/Third_Party/FreeRTOS/Source/portable/RVDS/ARM_CM4F\portmacro.h(205): error: unknown type name '__forceinline'
static portFORCE_INLINE uint32_t ulPortRaiseBASEPRI( void )
       ^
../Middlewares/Third_Party/FreeRTOS/Source/portable/RVDS/ARM_CM4F\portmacro.h(162): note: expanded from macro 'portFORCE_INLINE'
        #define portFORCE_INLINE __forceinline
                                 ^
../Middlewares/Third_Party/FreeRTOS/Source/portable/RVDS/ARM_CM4F\portmacro.h(205): error: expected ';' after top level declarator
static portFORCE_INLINE uint32_t ulPortRaiseBASEPRI( void )
                                ^
                                ;
../Middlewares/Third_Party/FreeRTOS/Source/event_groups.c(255): warning: implicit declaration of function '__dsb' is invalid in C99 [-Wimplicit-function-declaration]
                        portYIELD_WITHIN_API();
                        ^
../Middlewares/Third_Party/FreeRTOS/Source/include\FreeRTOS.h(746): note: expanded from macro 'portYIELD_WITHIN_API'
        #define portYIELD_WITHIN_API portYIELD
                                     ^
../Middlewares/Third_Party/FreeRTOS/Source/portable/RVDS/ARM_CM4F\portmacro.h(90): note: expanded from macro 'portYIELD'
        __dsb( portSY_FULL_READ_WRITE );                                                                                        \
        ^
../Middlewares/Third_Party/FreeRTOS/Source/event_groups.c(255): warning: implicit declaration of function '__isb' is invalid in C99 [-Wimplicit-function-declaration]
../Middlewares/Third_Party/FreeRTOS/Source/include\FreeRTOS.h(746): note: expanded from macro 'portYIELD_WITHIN_API'
        #define portYIELD_WITHIN_API portYIELD
                                     ^
../Middlewares/Third_Party/FreeRTOS/Source/portable/RVDS/ARM_CM4F\portmacro.h(91): note: expanded from macro 'portYIELD'
        __isb( portSY_FULL_READ_WRITE );                                                                                        \
        ^
../Middlewares/Third_Party/FreeRTOS/Source/event_groups.c(403): warning: implicit declaration of function '__dsb' is invalid in C99 [-Wimplicit-function-declaration]
                        portYIELD_WITHIN_API();
                        ^
../Middlewares/Third_Party/FreeRTOS/Source/include\FreeRTOS.h(746): note: expanded from macro 'portYIELD_WITHIN_API'
        #define portYIELD_WITHIN_API portYIELD
                                     ^
../Middlewares/Third_Party/FreeRTOS/Source/portable/RVDS/ARM_CM4F\portmacro.h(90): note: expanded from macro 'portYIELD'
        __dsb( portSY_FULL_READ_WRITE );                                                                                        \
        ^
../Middlewares/Third_Party/FreeRTOS/Source/event_groups.c(403): warning: implicit declaration of function '__isb' is invalid in C99 [-Wimplicit-function-declaration]
../Middlewares/Third_Party/FreeRTOS/Source/include\FreeRTOS.h(746): note: expanded from macro 'portYIELD_WITHIN_API'
        #define portYIELD_WITHIN_API portYIELD
                                     ^
../Middlewares/Third_Party/FreeRTOS/Source/portable/RVDS/ARM_CM4F\portmacro.h(91): note: expanded from macro 'portYIELD'
        __isb( portSY_FULL_READ_WRITE );                                                                                        \
        ^
../Middlewares/Third_Party/FreeRTOS/Source/event_groups.c(509): warning: implicit declaration of function 'ulPortRaiseBASEPRI' is invalid in C99 [-Wimplicit-function-declaration]
        uxSavedInterruptStatus = portSET_INTERRUPT_MASK_FROM_ISR();
                                 ^
../Middlewares/Third_Party/FreeRTOS/Source/portable/RVDS/ARM_CM4F\portmacro.h(109): note: expanded from macro 'portSET_INTERRUPT_MASK_FROM_ISR'
#define portSET_INTERRUPT_MASK_FROM_ISR()               ulPortRaiseBASEPRI()
                                                        ^
5 warnings and 8 errors generated.
compiling event_groups.c...
../user/src/app_tasks.c(10): warning: In file included from...../Middlewares/Third_Party/FreeRTOS/Source/portable/RVDS/ARM_CM4F\portmacro.h(167): error: unknown type name '__forceinline'
static portFORCE_INLINE void vPortSetBASEPRI( uint32_t ulBASEPRI )
       ^
../Middlewares/Third_Party/FreeRTOS/Source/portable/RVDS/ARM_CM4F\portmacro.h(162): note: expanded from macro 'portFORCE_INLINE'
        #define portFORCE_INLINE __forceinline
                                 ^
../Middlewares/Third_Party/FreeRTOS/Source/portable/RVDS/ARM_CM4F\portmacro.h(170): error: expected 'volatile', 'inline', 'goto', or '('
        {
        ^
../Middlewares/Third_Party/FreeRTOS/Source/portable/RVDS/ARM_CM4F\portmacro.h(178): error: unknown type name '__forceinline'
static portFORCE_INLINE void vPortRaiseBASEPRI( void )
       ^
../Middlewares/Third_Party/FreeRTOS/Source/portable/RVDS/ARM_CM4F\portmacro.h(162): note: expanded from macro 'portFORCE_INLINE'
        #define portFORCE_INLINE __forceinline
                                 ^
../Middlewares/Third_Party/FreeRTOS/Source/portable/RVDS/ARM_CM4F\portmacro.h(180): error: use of undeclared identifier 'configMAX_SYSCALL_INTERRUPT_PRIORITY'
uint32_t ulNewBASEPRI = configMAX_SYSCALL_INTERRUPT_PRIORITY;
                        ^
../Middlewares/Third_Party/FreeRTOS/Source/portable/RVDS/ARM_CM4F\portmacro.h(183): error: expected 'volatile', 'inline', 'goto', or '('
        {
        ^
../Middlewares/Third_Party/FreeRTOS/Source/portable/RVDS/ARM_CM4F\portmacro.h(193): error: unknown type name '__forceinline'
static portFORCE_INLINE void vPortClearBASEPRIFromISR( void )
       ^
../Middlewares/Third_Party/FreeRTOS/Source/portable/RVDS/ARM_CM4F\portmacro.h(162): note: expanded from macro 'portFORCE_INLINE'
        #define portFORCE_INLINE __forceinline
                                 ^
../Middlewares/Third_Party/FreeRTOS/Source/portable/RVDS/ARM_CM4F\portmacro.h(196): error: expected 'volatile', 'inline', 'goto', or '('
        {
        ^
../Middlewares/Third_Party/FreeRTOS/Source/portable/RVDS/ARM_CM4F\portmacro.h(205): error: unknown type name '__forceinline'
static portFORCE_INLINE uint32_t ulPortRaiseBASEPRI( void )
       ^
../Middlewares/Third_Party/FreeRTOS/Source/portable/RVDS/ARM_CM4F\portmacro.h(162): note: expanded from macro 'portFORCE_INLINE'
        #define portFORCE_INLINE __forceinline
                                 ^
../Middlewares/Third_Party/FreeRTOS/Source/portable/RVDS/ARM_CM4F\portmacro.h(205): error: expected ';' after top level declarator
static portFORCE_INLINE uint32_t ulPortRaiseBASEPRI( void )
                                ^
                                ;
../user/src/app_tasks.c(19): error: unknown type name 'PeriodicControl_t'
void PeriodicControl_Init(PeriodicControl_t *control, uint32_t period_ms)
                          ^
../user/src/app_tasks.c(21): warning: implicit declaration of function 'xTaskGetTickCount' is invalid in C99 [-Wimplicit-function-declaration]
    control->last_wake_time = xTaskGetTickCount();
                              ^
../user/src/app_tasks.c(22): warning: implicit declaration of function 'pdMS_TO_TICKS' is invalid in C99 [-Wimplicit-function-declaration]
    control->period = pdMS_TO_TICKS(period_ms);
                      ^
../user/src/app_tasks.c(25): error: unknown type name 'PeriodicControl_t'
void PeriodicControl_Run(PeriodicControl_t *control)
                         ^
../user/src/app_tasks.c(27): warning: implicit declaration of function 'Control_Update' is invalid in C99 [-Wimplicit-function-declaration]
    Control_Update();
    ^
../user/src/app_tasks.c(29): warning: implicit declaration of function 'vTaskDelayUntil' is invalid in C99 [-Wimplicit-function-declaration]
    vTaskDelayUntil(&control->last_wake_time, control->period);
    ^
../user/src/app_tasks.c(127): error: expected ';' after expression
    PeriodicControl_t pct = {0};
                     ^
                     ;
../user/src/app_tasks.c(127): error: use of undeclared identifier 'PeriodicControl_t'
    PeriodicControl_t pct = {0};
    ^
../user/src/app_tasks.c(127): error: use of undeclared identifier 'pct'
    PeriodicControl_t pct = {0};
                      ^
../user/src/app_tasks.c(127): error: expected expression
    PeriodicControl_t pct = {0};
                            ^
../user/src/app_tasks.c(128): error: use of undeclared identifier 'pct'
    PeriodicControl_Init(&pct,10);//防周期性漂移计时10ms
                          ^
../user/src/app_tasks.c(135): warning: implicit declaration of function 'get_breath_led_period' is invalid in C99 [-Wimplicit-function-declaration]
        d[1] = get_breath_led_period();
               ^
../user/src/app_tasks.c(136): error: too many arguments to function call, expected 3, have 4
        CAN_Send(CAN_ID_STD, CAN_ID_MASTER_CTRL, 2, d);
        ~~~~~~~~                                    ^
../user/inc\can_irq.h(9): note: 'CAN_Send' declared here
void CAN_Send(uint32_t ext_id, uint8_t dlc, uint8_t *data);
     ^
5 warnings and 17 errors generated.
compiling app_tasks.c...
../Middlewares/Third_Party/FreeRTOS/Source/list.c(30): warning: In file included from...../Middlewares/Third_Party/FreeRTOS/Source/include\FreeRTOS.h(62): warning: In file included from...../Middlewares/Third_Party/FreeRTOS/Source/include/portable.h(52): warning: In file included from...../Middlewares/Third_Party/FreeRTOS/Source/portable/RVDS/ARM_CM4F\portmacro.h(167): error: unknown type name '__forceinline'
static portFORCE_INLINE void vPortSetBASEPRI( uint32_t ulBASEPRI )
       ^
../Middlewares/Third_Party/FreeRTOS/Source/portable/RVDS/ARM_CM4F\portmacro.h(162): note: expanded from macro 'portFORCE_INLINE'
        #define portFORCE_INLINE __forceinline
                                 ^
../Middlewares/Third_Party/FreeRTOS/Source/portable/RVDS/ARM_CM4F\portmacro.h(170): error: expected 'volatile', 'inline', 'goto', or '('
        {
        ^
../Middlewares/Third_Party/FreeRTOS/Source/portable/RVDS/ARM_CM4F\portmacro.h(178): error: unknown type name '__forceinline'
static portFORCE_INLINE void vPortRaiseBASEPRI( void )
       ^
../Middlewares/Third_Party/FreeRTOS/Source/portable/RVDS/ARM_CM4F\portmacro.h(162): note: expanded from macro 'portFORCE_INLINE'
        #define portFORCE_INLINE __forceinline
                                 ^
../Middlewares/Third_Party/FreeRTOS/Source/portable/RVDS/ARM_CM4F\portmacro.h(183): error: expected 'volatile', 'inline', 'goto', or '('
        {
        ^
../Middlewares/Third_Party/FreeRTOS/Source/portable/RVDS/ARM_CM4F\portmacro.h(193): error: unknown type name '__forceinline'
static portFORCE_INLINE void vPortClearBASEPRIFromISR( void )
       ^
../Middlewares/Third_Party/FreeRTOS/Source/portable/RVDS/ARM_CM4F\portmacro.h(162): note: expanded from macro 'portFORCE_INLINE'
        #define portFORCE_INLINE __forceinline
                                 ^
../Middlewares/Third_Party/FreeRTOS/Source/portable/RVDS/ARM_CM4F\portmacro.h(196): error: expected 'volatile', 'inline', 'goto', or '('
        {
        ^
../Middlewares/Third_Party/FreeRTOS/Source/portable/RVDS/ARM_CM4F\portmacro.h(205): error: unknown type name '__forceinline'
static portFORCE_INLINE uint32_t ulPortRaiseBASEPRI( void )
       ^
../Middlewares/Third_Party/FreeRTOS/Source/portable/RVDS/ARM_CM4F\portmacro.h(162): note: expanded from macro 'portFORCE_INLINE'
        #define portFORCE_INLINE __forceinline
                                 ^
../Middlewares/Third_Party/FreeRTOS/Source/portable/RVDS/ARM_CM4F\portmacro.h(205): error: expected ';' after top level declarator
static portFORCE_INLINE uint32_t ulPortRaiseBASEPRI( void )
                                ^
                                ;
8 errors generated.
compiling list.c...
../Middlewares/Third_Party/FreeRTOS/Source/timers.c(36): warning: In file included from...../Middlewares/Third_Party/FreeRTOS/Source/include\FreeRTOS.h(62): warning: In file included from...../Middlewares/Third_Party/FreeRTOS/Source/include/portable.h(52): warning: In file included from...../Middlewares/Third_Party/FreeRTOS/Source/portable/RVDS/ARM_CM4F\portmacro.h(167): error: unknown type name '__forceinline'
static portFORCE_INLINE void vPortSetBASEPRI( uint32_t ulBASEPRI )
       ^
../Middlewares/Third_Party/FreeRTOS/Source/portable/RVDS/ARM_CM4F\portmacro.h(162): note: expanded from macro 'portFORCE_INLINE'
        #define portFORCE_INLINE __forceinline
                                 ^
../Middlewares/Third_Party/FreeRTOS/Source/portable/RVDS/ARM_CM4F\portmacro.h(170): error: expected 'volatile', 'inline', 'goto', or '('
        {
        ^
../Middlewares/Third_Party/FreeRTOS/Source/portable/RVDS/ARM_CM4F\portmacro.h(178): error: unknown type name '__forceinline'
static portFORCE_INLINE void vPortRaiseBASEPRI( void )
       ^
../Middlewares/Third_Party/FreeRTOS/Source/portable/RVDS/ARM_CM4F\portmacro.h(162): note: expanded from macro 'portFORCE_INLINE'
        #define portFORCE_INLINE __forceinline
                                 ^
../Middlewares/Third_Party/FreeRTOS/Source/portable/RVDS/ARM_CM4F\portmacro.h(183): error: expected 'volatile', 'inline', 'goto', or '('
        {
        ^
../Middlewares/Third_Party/FreeRTOS/Source/portable/RVDS/ARM_CM4F\portmacro.h(193): error: unknown type name '__forceinline'
static portFORCE_INLINE void vPortClearBASEPRIFromISR( void )
       ^
../Middlewares/Third_Party/FreeRTOS/Source/portable/RVDS/ARM_CM4F\portmacro.h(162): note: expanded from macro 'portFORCE_INLINE'
        #define portFORCE_INLINE __forceinline
                                 ^
../Middlewares/Third_Party/FreeRTOS/Source/portable/RVDS/ARM_CM4F\portmacro.h(196): error: expected 'volatile', 'inline', 'goto', or '('
        {
        ^
../Middlewares/Third_Party/FreeRTOS/Source/portable/RVDS/ARM_CM4F\portmacro.h(205): error: unknown type name '__forceinline'
static portFORCE_INLINE uint32_t ulPortRaiseBASEPRI( void )
       ^
../Middlewares/Third_Party/FreeRTOS/Source/portable/RVDS/ARM_CM4F\portmacro.h(162): note: expanded from macro 'portFORCE_INLINE'
        #define portFORCE_INLINE __forceinline
                                 ^
../Middlewares/Third_Party/FreeRTOS/Source/portable/RVDS/ARM_CM4F\portmacro.h(205): error: expected ';' after top level declarator
static portFORCE_INLINE uint32_t ulPortRaiseBASEPRI( void )
                                ^
                                ;
../Middlewares/Third_Party/FreeRTOS/Source/timers.c(628): warning: implicit declaration of function '__dsb' is invalid in C99 [-Wimplicit-function-declaration]
                                        portYIELD_WITHIN_API();
                                        ^
../Middlewares/Third_Party/FreeRTOS/Source/include\FreeRTOS.h(746): note: expanded from macro 'portYIELD_WITHIN_API'
        #define portYIELD_WITHIN_API portYIELD
                                     ^
../Middlewares/Third_Party/FreeRTOS/Source/portable/RVDS/ARM_CM4F\portmacro.h(90): note: expanded from macro 'portYIELD'
        __dsb( portSY_FULL_READ_WRITE );                                                                                        \
        ^
../Middlewares/Third_Party/FreeRTOS/Source/timers.c(628): warning: implicit declaration of function '__isb' is invalid in C99 [-Wimplicit-function-declaration]
../Middlewares/Third_Party/FreeRTOS/Source/include\FreeRTOS.h(746): note: expanded from macro 'portYIELD_WITHIN_API'
        #define portYIELD_WITHIN_API portYIELD
                                     ^
../Middlewares/Third_Party/FreeRTOS/Source/portable/RVDS/ARM_CM4F\portmacro.h(91): note: expanded from macro 'portYIELD'
        __isb( portSY_FULL_READ_WRITE );                                                                                        \
        ^
2 warnings and 8 errors generated.
compiling timers.c...
../Middlewares/Third_Party/FreeRTOS/Source/tasks.c(38): warning: In file included from...../Middlewares/Third_Party/FreeRTOS/Source/include\FreeRTOS.h(62): warning: In file included from...../Middlewares/Third_Party/FreeRTOS/Source/include/portable.h(52): warning: In file included from...../Middlewares/Third_Party/FreeRTOS/Source/portable/RVDS/ARM_CM4F\portmacro.h(167): error: unknown type name '__forceinline'
static portFORCE_INLINE void vPortSetBASEPRI( uint32_t ulBASEPRI )
       ^
../Middlewares/Third_Party/FreeRTOS/Source/portable/RVDS/ARM_CM4F\portmacro.h(162): note: expanded from macro 'portFORCE_INLINE'
        #define portFORCE_INLINE __forceinline
                                 ^
../Middlewares/Third_Party/FreeRTOS/Source/portable/RVDS/ARM_CM4F\portmacro.h(170): error: expected 'volatile', 'inline', 'goto', or '('
        {
        ^
../Middlewares/Third_Party/FreeRTOS/Source/portable/RVDS/ARM_CM4F\portmacro.h(178): error: unknown type name '__forceinline'
static portFORCE_INLINE void vPortRaiseBASEPRI( void )
       ^
../Middlewares/Third_Party/FreeRTOS/Source/portable/RVDS/ARM_CM4F\portmacro.h(162): note: expanded from macro 'portFORCE_INLINE'
        #define portFORCE_INLINE __forceinline
                                 ^
../Middlewares/Third_Party/FreeRTOS/Source/portable/RVDS/ARM_CM4F\portmacro.h(183): error: expected 'volatile', 'inline', 'goto', or '('
        {
        ^
../Middlewares/Third_Party/FreeRTOS/Source/portable/RVDS/ARM_CM4F\portmacro.h(193): error: unknown type name '__forceinline'
static portFORCE_INLINE void vPortClearBASEPRIFromISR( void )
       ^
../Middlewares/Third_Party/FreeRTOS/Source/portable/RVDS/ARM_CM4F\portmacro.h(162): note: expanded from macro 'portFORCE_INLINE'
        #define portFORCE_INLINE __forceinline
                                 ^
../Middlewares/Third_Party/FreeRTOS/Source/portable/RVDS/ARM_CM4F\portmacro.h(196): error: expected 'volatile', 'inline', 'goto', or '('
        {
        ^
../Middlewares/Third_Party/FreeRTOS/Source/portable/RVDS/ARM_CM4F\portmacro.h(205): error: unknown type name '__forceinline'
static portFORCE_INLINE uint32_t ulPortRaiseBASEPRI( void )
       ^
../Middlewares/Third_Party/FreeRTOS/Source/portable/RVDS/ARM_CM4F\portmacro.h(162): note: expanded from macro 'portFORCE_INLINE'
        #define portFORCE_INLINE __forceinline
                                 ^
../Middlewares/Third_Party/FreeRTOS/Source/portable/RVDS/ARM_CM4F\portmacro.h(205): error: expected ';' after top level declarator
static portFORCE_INLINE uint32_t ulPortRaiseBASEPRI( void )
                                ^
                                ;
../Middlewares/Third_Party/FreeRTOS/Source/tasks.c(1058): warning: implicit declaration of function 'pxPortInitialiseStack' is invalid in C99 [-Wimplicit-function-declaration]
                        pxNewTCB->pxTopOfStack = pxPortInitialiseStack( pxTopOfStack, pxTaskCode, pvParameters );
                                                 ^
../Middlewares/Third_Party/FreeRTOS/Source/tasks.c(1058): warning: incompatible integer to pointer conversion assigning to 'volatile StackType_t *' (aka 'volatile unsigned int *') from 'int' [-Wint-conversion]
                        pxNewTCB->pxTopOfStack = pxPortInitialiseStack( pxTopOfStack, pxTaskCode, pvParameters );
                                               ^ ~~~~~~~~~~~~~~~~~~~~~~~~~~~~~~~~~~~~~~~~~~~~~~~~~~~~~~~~~~~~~~~
../Middlewares/Third_Party/FreeRTOS/Source/tasks.c(1146): warning: implicit declaration of function '__dsb' is invalid in C99 [-Wimplicit-function-declaration]
                        taskYIELD_IF_USING_PREEMPTION();
                        ^
../Middlewares/Third_Party/FreeRTOS/Source/tasks.c(64): note: expanded from macro 'taskYIELD_IF_USING_PREEMPTION'
        #define taskYIELD_IF_USING_PREEMPTION() portYIELD_WITHIN_API()
                                                ^
../Middlewares/Third_Party/FreeRTOS/Source/include\FreeRTOS.h(746): note: expanded from macro 'portYIELD_WITHIN_API'
        #define portYIELD_WITHIN_API portYIELD
                                     ^
../Middlewares/Third_Party/FreeRTOS/Source/portable/RVDS/ARM_CM4F\portmacro.h(90): note: expanded from macro 'portYIELD'
        __dsb( portSY_FULL_READ_WRITE );                                                                                        \
        ^
../Middlewares/Third_Party/FreeRTOS/Source/tasks.c(1146): warning: implicit declaration of function '__isb' is invalid in C99 [-Wimplicit-function-declaration]
../Middlewares/Third_Party/FreeRTOS/Source/tasks.c(64): note: expanded from macro 'taskYIELD_IF_USING_PREEMPTION'
        #define taskYIELD_IF_USING_PREEMPTION() portYIELD_WITHIN_API()
                                                ^
../Middlewares/Third_Party/FreeRTOS/Source/include\FreeRTOS.h(746): note: expanded from macro 'portYIELD_WITHIN_API'
        #define portYIELD_WITHIN_API portYIELD
                                     ^
../Middlewares/Third_Party/FreeRTOS/Source/portable/RVDS/ARM_CM4F\portmacro.h(91): note: expanded from macro 'portYIELD'
        __isb( portSY_FULL_READ_WRITE );                                                                                        \
        ^
../Middlewares/Third_Party/FreeRTOS/Source/tasks.c(1243): warning: implicit declaration of function '__dsb' is invalid in C99 [-Wimplicit-function-declaration]
                                portYIELD_WITHIN_API();
                                ^
../Middlewares/Third_Party/FreeRTOS/Source/include\FreeRTOS.h(746): note: expanded from macro 'portYIELD_WITHIN_API'
        #define portYIELD_WITHIN_API portYIELD
                                     ^
../Middlewares/Third_Party/FreeRTOS/Source/portable/RVDS/ARM_CM4F\portmacro.h(90): note: expanded from macro 'portYIELD'
        __dsb( portSY_FULL_READ_WRITE );                                                                                        \
        ^
../Middlewares/Third_Party/FreeRTOS/Source/tasks.c(1243): warning: implicit declaration of function '__isb' is invalid in C99 [-Wimplicit-function-declaration]
../Middlewares/Third_Party/FreeRTOS/Source/include\FreeRTOS.h(746): note: expanded from macro 'portYIELD_WITHIN_API'
        #define portYIELD_WITHIN_API portYIELD
                                     ^
../Middlewares/Third_Party/FreeRTOS/Source/portable/RVDS/ARM_CM4F\portmacro.h(91): note: expanded from macro 'portYIELD'
        __isb( portSY_FULL_READ_WRITE );                                                                                        \
        ^
../Middlewares/Third_Party/FreeRTOS/Source/tasks.c(1328): warning: implicit declaration of function '__dsb' is invalid in C99 [-Wimplicit-function-declaration]
                        portYIELD_WITHIN_API();
                        ^
../Middlewares/Third_Party/FreeRTOS/Source/include\FreeRTOS.h(746): note: expanded from macro 'portYIELD_WITHIN_API'
        #define portYIELD_WITHIN_API portYIELD
                                     ^
../Middlewares/Third_Party/FreeRTOS/Source/portable/RVDS/ARM_CM4F\portmacro.h(90): note: expanded from macro 'portYIELD'
        __dsb( portSY_FULL_READ_WRITE );                                                                                        \
        ^
../Middlewares/Third_Party/FreeRTOS/Source/tasks.c(1328): warning: implicit declaration of function '__isb' is invalid in C99 [-Wimplicit-function-declaration]
../Middlewares/Third_Party/FreeRTOS/Source/include\FreeRTOS.h(746): note: expanded from macro 'portYIELD_WITHIN_API'
        #define portYIELD_WITHIN_API portYIELD
                                     ^
../Middlewares/Third_Party/FreeRTOS/Source/portable/RVDS/ARM_CM4F\portmacro.h(91): note: expanded from macro 'portYIELD'
        __isb( portSY_FULL_READ_WRITE );                                                                                        \
        ^
../Middlewares/Third_Party/FreeRTOS/Source/tasks.c(1373): warning: implicit declaration of function '__dsb' is invalid in C99 [-Wimplicit-function-declaration]
                        portYIELD_WITHIN_API();
                        ^
../Middlewares/Third_Party/FreeRTOS/Source/include\FreeRTOS.h(746): note: expanded from macro 'portYIELD_WITHIN_API'
        #define portYIELD_WITHIN_API portYIELD
                                     ^
../Middlewares/Third_Party/FreeRTOS/Source/portable/RVDS/ARM_CM4F\portmacro.h(90): note: expanded from macro 'portYIELD'
        __dsb( portSY_FULL_READ_WRITE );                                                                                        \
        ^
../Middlewares/Third_Party/FreeRTOS/Source/tasks.c(1373): warning: implicit declaration of function '__isb' is invalid in C99 [-Wimplicit-function-declaration]
../Middlewares/Third_Party/FreeRTOS/Source/include\FreeRTOS.h(746): note: expanded from macro 'portYIELD_WITHIN_API'
        #define portYIELD_WITHIN_API portYIELD
                                     ^
../Middlewares/Third_Party/FreeRTOS/Source/portable/RVDS/ARM_CM4F\portmacro.h(91): note: expanded from macro 'portYIELD'
        __isb( portSY_FULL_READ_WRITE );                                                                                        \
        ^
../Middlewares/Third_Party/FreeRTOS/Source/tasks.c(1523): warning: implicit declaration of function 'ulPortRaiseBASEPRI' is invalid in C99 [-Wimplicit-function-declaration]
                uxSavedInterruptState = portSET_INTERRUPT_MASK_FROM_ISR();
                                        ^
../Middlewares/Third_Party/FreeRTOS/Source/portable/RVDS/ARM_CM4F\portmacro.h(109): note: expanded from macro 'portSET_INTERRUPT_MASK_FROM_ISR'
#define portSET_INTERRUPT_MASK_FROM_ISR()               ulPortRaiseBASEPRI()
                                                        ^
../Middlewares/Third_Party/FreeRTOS/Source/tasks.c(1684): warning: implicit declaration of function '__dsb' is invalid in C99 [-Wimplicit-function-declaration]
                                        taskYIELD_IF_USING_PREEMPTION();
                                        ^
../Middlewares/Third_Party/FreeRTOS/Source/tasks.c(64): note: expanded from macro 'taskYIELD_IF_USING_PREEMPTION'
        #define taskYIELD_IF_USING_PREEMPTION() portYIELD_WITHIN_API()
                                                ^
../Middlewares/Third_Party/FreeRTOS/Source/include\FreeRTOS.h(746): note: expanded from macro 'portYIELD_WITHIN_API'
        #define portYIELD_WITHIN_API portYIELD
                                     ^
../Middlewares/Third_Party/FreeRTOS/Source/portable/RVDS/ARM_CM4F\portmacro.h(90): note: expanded from macro 'portYIELD'
        __dsb( portSY_FULL_READ_WRITE );                                                                                        \
        ^
../Middlewares/Third_Party/FreeRTOS/Source/tasks.c(1684): warning: implicit declaration of function '__isb' is invalid in C99 [-Wimplicit-function-declaration]
../Middlewares/Third_Party/FreeRTOS/Source/tasks.c(64): note: expanded from macro 'taskYIELD_IF_USING_PREEMPTION'
        #define taskYIELD_IF_USING_PREEMPTION() portYIELD_WITHIN_API()
                                                ^
../Middlewares/Third_Party/FreeRTOS/Source/include\FreeRTOS.h(746): note: expanded from macro 'portYIELD_WITHIN_API'
        #define portYIELD_WITHIN_API portYIELD
                                     ^
../Middlewares/Third_Party/FreeRTOS/Source/portable/RVDS/ARM_CM4F\portmacro.h(91): note: expanded from macro 'portYIELD'
        __isb( portSY_FULL_READ_WRITE );                                                                                        \
        ^
../Middlewares/Third_Party/FreeRTOS/Source/tasks.c(1773): warning: implicit declaration of function '__dsb' is invalid in C99 [-Wimplicit-function-declaration]
                                portYIELD_WITHIN_API();
                                ^
../Middlewares/Third_Party/FreeRTOS/Source/include\FreeRTOS.h(746): note: expanded from macro 'portYIELD_WITHIN_API'
        #define portYIELD_WITHIN_API portYIELD
                                     ^
../Middlewares/Third_Party/FreeRTOS/Source/portable/RVDS/ARM_CM4F\portmacro.h(90): note: expanded from macro 'portYIELD'
        __dsb( portSY_FULL_READ_WRITE );                                                                                        \
        ^
../Middlewares/Third_Party/FreeRTOS/Source/tasks.c(1773): warning: implicit declaration of function '__isb' is invalid in C99 [-Wimplicit-function-declaration]
../Middlewares/Third_Party/FreeRTOS/Source/include\FreeRTOS.h(746): note: expanded from macro 'portYIELD_WITHIN_API'
        #define portYIELD_WITHIN_API portYIELD
                                     ^
../Middlewares/Third_Party/FreeRTOS/Source/portable/RVDS/ARM_CM4F\portmacro.h(91): note: expanded from macro 'portYIELD'
        __isb( portSY_FULL_READ_WRITE );                                                                                        \
        ^
../Middlewares/Third_Party/FreeRTOS/Source/tasks.c(1879): warning: implicit declaration of function '__dsb' is invalid in C99 [-Wimplicit-function-declaration]
                                                taskYIELD_IF_USING_PREEMPTION();
                                                ^
../Middlewares/Third_Party/FreeRTOS/Source/tasks.c(64): note: expanded from macro 'taskYIELD_IF_USING_PREEMPTION'
        #define taskYIELD_IF_USING_PREEMPTION() portYIELD_WITHIN_API()
                                                ^
../Middlewares/Third_Party/FreeRTOS/Source/include\FreeRTOS.h(746): note: expanded from macro 'portYIELD_WITHIN_API'
        #define portYIELD_WITHIN_API portYIELD
                                     ^
../Middlewares/Third_Party/FreeRTOS/Source/portable/RVDS/ARM_CM4F\portmacro.h(90): note: expanded from macro 'portYIELD'
        __dsb( portSY_FULL_READ_WRITE );                                                                                        \
        ^
../Middlewares/Third_Party/FreeRTOS/Source/tasks.c(1879): warning: implicit declaration of function '__isb' is invalid in C99 [-Wimplicit-function-declaration]
../Middlewares/Third_Party/FreeRTOS/Source/tasks.c(64): note: expanded from macro 'taskYIELD_IF_USING_PREEMPTION'
        #define taskYIELD_IF_USING_PREEMPTION() portYIELD_WITHIN_API()
                                                ^
../Middlewares/Third_Party/FreeRTOS/Source/include\FreeRTOS.h(746): note: expanded from macro 'portYIELD_WITHIN_API'
        #define portYIELD_WITHIN_API portYIELD
                                     ^
../Middlewares/Third_Party/FreeRTOS/Source/portable/RVDS/ARM_CM4F\portmacro.h(91): note: expanded from macro 'portYIELD'
        __isb( portSY_FULL_READ_WRITE );                                                                                        \
        ^
../Middlewares/Third_Party/FreeRTOS/Source/tasks.c(1931): warning: implicit declaration of function 'ulPortRaiseBASEPRI' is invalid in C99 [-Wimplicit-function-declaration]
                uxSavedInterruptStatus = portSET_INTERRUPT_MASK_FROM_ISR();
                                         ^
../Middlewares/Third_Party/FreeRTOS/Source/portable/RVDS/ARM_CM4F\portmacro.h(109): note: expanded from macro 'portSET_INTERRUPT_MASK_FROM_ISR'
#define portSET_INTERRUPT_MASK_FROM_ISR()               ulPortRaiseBASEPRI()
                                                        ^
../Middlewares/Third_Party/FreeRTOS/Source/tasks.c(2285): warning: implicit declaration of function '__dsb' is invalid in C99 [-Wimplicit-function-declaration]
                                        taskYIELD_IF_USING_PREEMPTION();
                                        ^
../Middlewares/Third_Party/FreeRTOS/Source/tasks.c(64): note: expanded from macro 'taskYIELD_IF_USING_PREEMPTION'
        #define taskYIELD_IF_USING_PREEMPTION() portYIELD_WITHIN_API()
                                                ^
../Middlewares/Third_Party/FreeRTOS/Source/include\FreeRTOS.h(746): note: expanded from macro 'portYIELD_WITHIN_API'
        #define portYIELD_WITHIN_API portYIELD
                                     ^
../Middlewares/Third_Party/FreeRTOS/Source/portable/RVDS/ARM_CM4F\portmacro.h(90): note: expanded from macro 'portYIELD'
        __dsb( portSY_FULL_READ_WRITE );                                                                                        \
        ^
../Middlewares/Third_Party/FreeRTOS/Source/tasks.c(2285): warning: implicit declaration of function '__isb' is invalid in C99 [-Wimplicit-function-declaration]
../Middlewares/Third_Party/FreeRTOS/Source/tasks.c(64): note: expanded from macro 'taskYIELD_IF_USING_PREEMPTION'
        #define taskYIELD_IF_USING_PREEMPTION() portYIELD_WITHIN_API()
                                                ^
../Middlewares/Third_Party/FreeRTOS/Source/include\FreeRTOS.h(746): note: expanded from macro 'portYIELD_WITHIN_API'
        #define portYIELD_WITHIN_API portYIELD
                                     ^
../Middlewares/Third_Party/FreeRTOS/Source/portable/RVDS/ARM_CM4F\portmacro.h(91): note: expanded from macro 'portYIELD'
        __isb( portSY_FULL_READ_WRITE );                                                                                        \
        ^
../Middlewares/Third_Party/FreeRTOS/Source/tasks.c(3434): warning: implicit declaration of function '__dsb' is invalid in C99 [-Wimplicit-function-declaration]
                                taskYIELD();
                                ^
../Middlewares/Third_Party/FreeRTOS/Source/include/task.h(173): note: expanded from macro 'taskYIELD'
#define taskYIELD()                                     portYIELD()
                                                        ^
../Middlewares/Third_Party/FreeRTOS/Source/portable/RVDS/ARM_CM4F\portmacro.h(90): note: expanded from macro 'portYIELD'
        __dsb( portSY_FULL_READ_WRITE );                                                                                        \
        ^
../Middlewares/Third_Party/FreeRTOS/Source/tasks.c(3434): warning: implicit declaration of function '__isb' is invalid in C99 [-Wimplicit-function-declaration]
../Middlewares/Third_Party/FreeRTOS/Source/include/task.h(173): note: expanded from macro 'taskYIELD'
#define taskYIELD()                                     portYIELD()
                                                        ^
../Middlewares/Third_Party/FreeRTOS/Source/portable/RVDS/ARM_CM4F\portmacro.h(91): note: expanded from macro 'portYIELD'
        __isb( portSY_FULL_READ_WRITE );                                                                                        \
        ^
../Middlewares/Third_Party/FreeRTOS/Source/tasks.c(4656): warning: implicit declaration of function '__dsb' is invalid in C99 [-Wimplicit-function-declaration]
                                        portYIELD_WITHIN_API();
                                        ^
../Middlewares/Third_Party/FreeRTOS/Source/include\FreeRTOS.h(746): note: expanded from macro 'portYIELD_WITHIN_API'
        #define portYIELD_WITHIN_API portYIELD
                                     ^
../Middlewares/Third_Party/FreeRTOS/Source/portable/RVDS/ARM_CM4F\portmacro.h(90): note: expanded from macro 'portYIELD'
        __dsb( portSY_FULL_READ_WRITE );                                                                                        \
        ^
../Middlewares/Third_Party/FreeRTOS/Source/tasks.c(4656): warning: implicit declaration of function '__isb' is invalid in C99 [-Wimplicit-function-declaration]
../Middlewares/Third_Party/FreeRTOS/Source/include\FreeRTOS.h(746): note: expanded from macro 'portYIELD_WITHIN_API'
        #define portYIELD_WITHIN_API portYIELD
                                     ^
../Middlewares/Third_Party/FreeRTOS/Source/portable/RVDS/ARM_CM4F\portmacro.h(91): note: expanded from macro 'portYIELD'
        __isb( portSY_FULL_READ_WRITE );                                                                                        \
        ^
../Middlewares/Third_Party/FreeRTOS/Source/tasks.c(4729): warning: implicit declaration of function '__dsb' is invalid in C99 [-Wimplicit-function-declaration]
                                        portYIELD_WITHIN_API();
                                        ^
../Middlewares/Third_Party/FreeRTOS/Source/include\FreeRTOS.h(746): note: expanded from macro 'portYIELD_WITHIN_API'
        #define portYIELD_WITHIN_API portYIELD
                                     ^
../Middlewares/Third_Party/FreeRTOS/Source/portable/RVDS/ARM_CM4F\portmacro.h(90): note: expanded from macro 'portYIELD'
        __dsb( portSY_FULL_READ_WRITE );                                                                                        \
        ^
../Middlewares/Third_Party/FreeRTOS/Source/tasks.c(4729): warning: implicit declaration of function '__isb' is invalid in C99 [-Wimplicit-function-declaration]
../Middlewares/Third_Party/FreeRTOS/Source/include\FreeRTOS.h(746): note: expanded from macro 'portYIELD_WITHIN_API'
        #define portYIELD_WITHIN_API portYIELD
                                     ^
../Middlewares/Third_Party/FreeRTOS/Source/portable/RVDS/ARM_CM4F\portmacro.h(91): note: expanded from macro 'portYIELD'
        __isb( portSY_FULL_READ_WRITE );                                                                                        \
        ^
../Middlewares/Third_Party/FreeRTOS/Source/tasks.c(4875): warning: implicit declaration of function '__dsb' is invalid in C99 [-Wimplicit-function-declaration]
                                        taskYIELD_IF_USING_PREEMPTION();
                                        ^
../Middlewares/Third_Party/FreeRTOS/Source/tasks.c(64): note: expanded from macro 'taskYIELD_IF_USING_PREEMPTION'
        #define taskYIELD_IF_USING_PREEMPTION() portYIELD_WITHIN_API()
                                                ^
../Middlewares/Third_Party/FreeRTOS/Source/include\FreeRTOS.h(746): note: expanded from macro 'portYIELD_WITHIN_API'
        #define portYIELD_WITHIN_API portYIELD
                                     ^
../Middlewares/Third_Party/FreeRTOS/Source/portable/RVDS/ARM_CM4F\portmacro.h(90): note: expanded from macro 'portYIELD'
        __dsb( portSY_FULL_READ_WRITE );                                                                                        \
        ^
../Middlewares/Third_Party/FreeRTOS/Source/tasks.c(4875): warning: implicit declaration of function '__isb' is invalid in C99 [-Wimplicit-function-declaration]
../Middlewares/Third_Party/FreeRTOS/Source/tasks.c(64): note: expanded from macro 'taskYIELD_IF_USING_PREEMPTION'
        #define taskYIELD_IF_USING_PREEMPTION() portYIELD_WITHIN_API()
                                                ^
../Middlewares/Third_Party/FreeRTOS/Source/include\FreeRTOS.h(746): note: expanded from macro 'portYIELD_WITHIN_API'
        #define portYIELD_WITHIN_API portYIELD
                                     ^
../Middlewares/Third_Party/FreeRTOS/Source/portable/RVDS/ARM_CM4F\portmacro.h(91): note: expanded from macro 'portYIELD'
        __isb( portSY_FULL_READ_WRITE );                                                                                        \
        ^
../Middlewares/Third_Party/FreeRTOS/Source/tasks.c(4926): warning: implicit declaration of function 'ulPortRaiseBASEPRI' is invalid in C99 [-Wimplicit-function-declaration]
                uxSavedInterruptStatus = portSET_INTERRUPT_MASK_FROM_ISR();
                                         ^
../Middlewares/Third_Party/FreeRTOS/Source/portable/RVDS/ARM_CM4F\portmacro.h(109): note: expanded from macro 'portSET_INTERRUPT_MASK_FROM_ISR'
#define portSET_INTERRUPT_MASK_FROM_ISR()               ulPortRaiseBASEPRI()
                                                        ^
../Middlewares/Third_Party/FreeRTOS/Source/tasks.c(5054): warning: implicit declaration of function 'ulPortRaiseBASEPRI' is invalid in C99 [-Wimplicit-function-declaration]
                uxSavedInterruptStatus = portSET_INTERRUPT_MASK_FROM_ISR();
                                         ^
../Middlewares/Third_Party/FreeRTOS/Source/portable/RVDS/ARM_CM4F\portmacro.h(109): note: expanded from macro 'portSET_INTERRUPT_MASK_FROM_ISR'
#define portSET_INTERRUPT_MASK_FROM_ISR()               ulPortRaiseBASEPRI()
                                                        ^
30 warnings and 8 errors generated.
compiling tasks.c...
../Middlewares/Third_Party/FreeRTOS/Source/stream_buffer.c(38): warning: In file included from...../Middlewares/Third_Party/FreeRTOS/Source/include\FreeRTOS.h(62): warning: In file included from...../Middlewares/Third_Party/FreeRTOS/Source/include/portable.h(52): warning: In file included from...../Middlewares/Third_Party/FreeRTOS/Source/portable/RVDS/ARM_CM4F\portmacro.h(167): error: unknown type name '__forceinline'
static portFORCE_INLINE void vPortSetBASEPRI( uint32_t ulBASEPRI )
       ^
../Middlewares/Third_Party/FreeRTOS/Source/portable/RVDS/ARM_CM4F\portmacro.h(162): note: expanded from macro 'portFORCE_INLINE'
        #define portFORCE_INLINE __forceinline
                                 ^
../Middlewares/Third_Party/FreeRTOS/Source/portable/RVDS/ARM_CM4F\portmacro.h(170): error: expected 'volatile', 'inline', 'goto', or '('
        {
        ^
../Middlewares/Third_Party/FreeRTOS/Source/portable/RVDS/ARM_CM4F\portmacro.h(178): error: unknown type name '__forceinline'
static portFORCE_INLINE void vPortRaiseBASEPRI( void )
       ^
../Middlewares/Third_Party/FreeRTOS/Source/portable/RVDS/ARM_CM4F\portmacro.h(162): note: expanded from macro 'portFORCE_INLINE'
        #define portFORCE_INLINE __forceinline
                                 ^
../Middlewares/Third_Party/FreeRTOS/Source/portable/RVDS/ARM_CM4F\portmacro.h(183): error: expected 'volatile', 'inline', 'goto', or '('
        {
        ^
../Middlewares/Third_Party/FreeRTOS/Source/portable/RVDS/ARM_CM4F\portmacro.h(193): error: unknown type name '__forceinline'
static portFORCE_INLINE void vPortClearBASEPRIFromISR( void )
       ^
../Middlewares/Third_Party/FreeRTOS/Source/portable/RVDS/ARM_CM4F\portmacro.h(162): note: expanded from macro 'portFORCE_INLINE'
        #define portFORCE_INLINE __forceinline
                                 ^
../Middlewares/Third_Party/FreeRTOS/Source/portable/RVDS/ARM_CM4F\portmacro.h(196): error: expected 'volatile', 'inline', 'goto', or '('
        {
        ^
../Middlewares/Third_Party/FreeRTOS/Source/portable/RVDS/ARM_CM4F\portmacro.h(205): error: unknown type name '__forceinline'
static portFORCE_INLINE uint32_t ulPortRaiseBASEPRI( void )
       ^
../Middlewares/Third_Party/FreeRTOS/Source/portable/RVDS/ARM_CM4F\portmacro.h(162): note: expanded from macro 'portFORCE_INLINE'
        #define portFORCE_INLINE __forceinline
                                 ^
../Middlewares/Third_Party/FreeRTOS/Source/portable/RVDS/ARM_CM4F\portmacro.h(205): error: expected ';' after top level declarator
static portFORCE_INLINE uint32_t ulPortRaiseBASEPRI( void )
                                ^
                                ;
../Middlewares/Third_Party/FreeRTOS/Source/stream_buffer.c(643): warning: implicit declaration of function 'ulPortRaiseBASEPRI' is invalid in C99 [-Wimplicit-function-declaration]
                        sbSEND_COMPLETE_FROM_ISR( pxStreamBuffer, pxHigherPriorityTaskWoken );
                        ^
../Middlewares/Third_Party/FreeRTOS/Source/stream_buffer.c(115): note: expanded from macro 'sbSEND_COMPLETE_FROM_ISR'
                uxSavedInterruptStatus = ( UBaseType_t ) portSET_INTERRUPT_MASK_FROM_ISR();             \
                                                         ^
../Middlewares/Third_Party/FreeRTOS/Source/portable/RVDS/ARM_CM4F\portmacro.h(109): note: expanded from macro 'portSET_INTERRUPT_MASK_FROM_ISR'
#define portSET_INTERRUPT_MASK_FROM_ISR()               ulPortRaiseBASEPRI()
                                                        ^
../Middlewares/Third_Party/FreeRTOS/Source/stream_buffer.c(900): warning: implicit declaration of function 'ulPortRaiseBASEPRI' is invalid in C99 [-Wimplicit-function-declaration]
                        sbRECEIVE_COMPLETED_FROM_ISR( pxStreamBuffer, pxHigherPriorityTaskWoken );
                        ^
../Middlewares/Third_Party/FreeRTOS/Source/stream_buffer.c(77): note: expanded from macro 'sbRECEIVE_COMPLETED_FROM_ISR'
                uxSavedInterruptStatus = ( UBaseType_t ) portSET_INTERRUPT_MASK_FROM_ISR();             \
                                                         ^
../Middlewares/Third_Party/FreeRTOS/Source/portable/RVDS/ARM_CM4F\portmacro.h(109): note: expanded from macro 'portSET_INTERRUPT_MASK_FROM_ISR'
#define portSET_INTERRUPT_MASK_FROM_ISR()               ulPortRaiseBASEPRI()
                                                        ^
../Middlewares/Third_Party/FreeRTOS/Source/stream_buffer.c(1036): warning: implicit declaration of function 'ulPortRaiseBASEPRI' is invalid in C99 [-Wimplicit-function-declaration]
        uxSavedInterruptStatus = ( UBaseType_t ) portSET_INTERRUPT_MASK_FROM_ISR();
                                                 ^
../Middlewares/Third_Party/FreeRTOS/Source/portable/RVDS/ARM_CM4F\portmacro.h(109): note: expanded from macro 'portSET_INTERRUPT_MASK_FROM_ISR'
#define portSET_INTERRUPT_MASK_FROM_ISR()               ulPortRaiseBASEPRI()
                                                        ^
../Middlewares/Third_Party/FreeRTOS/Source/stream_buffer.c(1066): warning: implicit declaration of function 'ulPortRaiseBASEPRI' is invalid in C99 [-Wimplicit-function-declaration]
        uxSavedInterruptStatus = ( UBaseType_t ) portSET_INTERRUPT_MASK_FROM_ISR();
                                                 ^
../Middlewares/Third_Party/FreeRTOS/Source/portable/RVDS/ARM_CM4F\portmacro.h(109): note: expanded from macro 'portSET_INTERRUPT_MASK_FROM_ISR'
#define portSET_INTERRUPT_MASK_FROM_ISR()               ulPortRaiseBASEPRI()
                                                        ^
4 warnings and 8 errors generated.
compiling stream_buffer.c...
../Middlewares/Third_Party/FreeRTOS/Source/portable/MemMang/heap_4.c(43): warning: In file included from...../Middlewares/Third_Party/FreeRTOS/Source/include\FreeRTOS.h(62): warning: In file included from...../Middlewares/Third_Party/FreeRTOS/Source/include/portable.h(52): warning: In file included from...../Middlewares/Third_Party/FreeRTOS/Source/portable/RVDS/ARM_CM4F\portmacro.h(167): error: unknown type name '__forceinline'
static portFORCE_INLINE void vPortSetBASEPRI( uint32_t ulBASEPRI )
       ^
../Middlewares/Third_Party/FreeRTOS/Source/portable/RVDS/ARM_CM4F\portmacro.h(162): note: expanded from macro 'portFORCE_INLINE'
        #define portFORCE_INLINE __forceinline
                                 ^
../Middlewares/Third_Party/FreeRTOS/Source/portable/RVDS/ARM_CM4F\portmacro.h(170): error: expected 'volatile', 'inline', 'goto', or '('
        {
        ^
../Middlewares/Third_Party/FreeRTOS/Source/portable/RVDS/ARM_CM4F\portmacro.h(178): error: unknown type name '__forceinline'
static portFORCE_INLINE void vPortRaiseBASEPRI( void )
       ^
../Middlewares/Third_Party/FreeRTOS/Source/portable/RVDS/ARM_CM4F\portmacro.h(162): note: expanded from macro 'portFORCE_INLINE'
        #define portFORCE_INLINE __forceinline
                                 ^
../Middlewares/Third_Party/FreeRTOS/Source/portable/RVDS/ARM_CM4F\portmacro.h(183): error: expected 'volatile', 'inline', 'goto', or '('
        {
        ^
../Middlewares/Third_Party/FreeRTOS/Source/portable/RVDS/ARM_CM4F\portmacro.h(193): error: unknown type name '__forceinline'
static portFORCE_INLINE void vPortClearBASEPRIFromISR( void )
       ^
../Middlewares/Third_Party/FreeRTOS/Source/portable/RVDS/ARM_CM4F\portmacro.h(162): note: expanded from macro 'portFORCE_INLINE'
        #define portFORCE_INLINE __forceinline
                                 ^
../Middlewares/Third_Party/FreeRTOS/Source/portable/RVDS/ARM_CM4F\portmacro.h(196): error: expected 'volatile', 'inline', 'goto', or '('
        {
        ^
../Middlewares/Third_Party/FreeRTOS/Source/portable/RVDS/ARM_CM4F\portmacro.h(205): error: unknown type name '__forceinline'
static portFORCE_INLINE uint32_t ulPortRaiseBASEPRI( void )
       ^
../Middlewares/Third_Party/FreeRTOS/Source/portable/RVDS/ARM_CM4F\portmacro.h(162): note: expanded from macro 'portFORCE_INLINE'
        #define portFORCE_INLINE __forceinline
                                 ^
../Middlewares/Third_Party/FreeRTOS/Source/portable/RVDS/ARM_CM4F\portmacro.h(205): error: expected ';' after top level declarator
static portFORCE_INLINE uint32_t ulPortRaiseBASEPRI( void )
                                ^
                                ;
8 errors generated.
compiling heap_4.c...
../Middlewares/Third_Party/FreeRTOS/Source/croutine.c(28): warning: In file included from...../Middlewares/Third_Party/FreeRTOS/Source/include\FreeRTOS.h(62): warning: In file included from...../Middlewares/Third_Party/FreeRTOS/Source/include/portable.h(52): warning: In file included from...../Middlewares/Third_Party/FreeRTOS/Source/portable/RVDS/ARM_CM4F\portmacro.h(167): error: unknown type name '__forceinline'
static portFORCE_INLINE void vPortSetBASEPRI( uint32_t ulBASEPRI )
       ^
../Middlewares/Third_Party/FreeRTOS/Source/portable/RVDS/ARM_CM4F\portmacro.h(162): note: expanded from macro 'portFORCE_INLINE'
        #define portFORCE_INLINE __forceinline
                                 ^
../Middlewares/Third_Party/FreeRTOS/Source/portable/RVDS/ARM_CM4F\portmacro.h(170): error: expected 'volatile', 'inline', 'goto', or '('
        {
        ^
../Middlewares/Third_Party/FreeRTOS/Source/portable/RVDS/ARM_CM4F\portmacro.h(178): error: unknown type name '__forceinline'
static portFORCE_INLINE void vPortRaiseBASEPRI( void )
       ^
../Middlewares/Third_Party/FreeRTOS/Source/portable/RVDS/ARM_CM4F\portmacro.h(162): note: expanded from macro 'portFORCE_INLINE'
        #define portFORCE_INLINE __forceinline
                                 ^
../Middlewares/Third_Party/FreeRTOS/Source/portable/RVDS/ARM_CM4F\portmacro.h(183): error: expected 'volatile', 'inline', 'goto', or '('
        {
        ^
../Middlewares/Third_Party/FreeRTOS/Source/portable/RVDS/ARM_CM4F\portmacro.h(193): error: unknown type name '__forceinline'
static portFORCE_INLINE void vPortClearBASEPRIFromISR( void )
       ^
../Middlewares/Third_Party/FreeRTOS/Source/portable/RVDS/ARM_CM4F\portmacro.h(162): note: expanded from macro 'portFORCE_INLINE'
        #define portFORCE_INLINE __forceinline
                                 ^
../Middlewares/Third_Party/FreeRTOS/Source/portable/RVDS/ARM_CM4F\portmacro.h(196): error: expected 'volatile', 'inline', 'goto', or '('
        {
        ^
../Middlewares/Third_Party/FreeRTOS/Source/portable/RVDS/ARM_CM4F\portmacro.h(205): error: unknown type name '__forceinline'
static portFORCE_INLINE uint32_t ulPortRaiseBASEPRI( void )
       ^
../Middlewares/Third_Party/FreeRTOS/Source/portable/RVDS/ARM_CM4F\portmacro.h(162): note: expanded from macro 'portFORCE_INLINE'
        #define portFORCE_INLINE __forceinline
                                 ^
../Middlewares/Third_Party/FreeRTOS/Source/portable/RVDS/ARM_CM4F\portmacro.h(205): error: expected ';' after top level declarator
static portFORCE_INLINE uint32_t ulPortRaiseBASEPRI( void )
                                ^
                                ;
8 errors generated.
compiling croutine.c...
../Middlewares/Third_Party/FreeRTOS/Source/queue.c(36): warning: In file included from...../Middlewares/Third_Party/FreeRTOS/Source/include\FreeRTOS.h(62): warning: In file included from...../Middlewares/Third_Party/FreeRTOS/Source/include/portable.h(52): warning: In file included from...../Middlewares/Third_Party/FreeRTOS/Source/portable/RVDS/ARM_CM4F\portmacro.h(167): error: unknown type name '__forceinline'
static portFORCE_INLINE void vPortSetBASEPRI( uint32_t ulBASEPRI )
       ^
../Middlewares/Third_Party/FreeRTOS/Source/portable/RVDS/ARM_CM4F\portmacro.h(162): note: expanded from macro 'portFORCE_INLINE'
        #define portFORCE_INLINE __forceinline
                                 ^
../Middlewares/Third_Party/FreeRTOS/Source/portable/RVDS/ARM_CM4F\portmacro.h(170): error: expected 'volatile', 'inline', 'goto', or '('
        {
        ^
../Middlewares/Third_Party/FreeRTOS/Source/portable/RVDS/ARM_CM4F\portmacro.h(178): error: unknown type name '__forceinline'
static portFORCE_INLINE void vPortRaiseBASEPRI( void )
       ^
../Middlewares/Third_Party/FreeRTOS/Source/portable/RVDS/ARM_CM4F\portmacro.h(162): note: expanded from macro 'portFORCE_INLINE'
        #define portFORCE_INLINE __forceinline
                                 ^
../Middlewares/Third_Party/FreeRTOS/Source/portable/RVDS/ARM_CM4F\portmacro.h(183): error: expected 'volatile', 'inline', 'goto', or '('
        {
        ^
../Middlewares/Third_Party/FreeRTOS/Source/portable/RVDS/ARM_CM4F\portmacro.h(193): error: unknown type name '__forceinline'
static portFORCE_INLINE void vPortClearBASEPRIFromISR( void )
       ^
../Middlewares/Third_Party/FreeRTOS/Source/portable/RVDS/ARM_CM4F\portmacro.h(162): note: expanded from macro 'portFORCE_INLINE'
        #define portFORCE_INLINE __forceinline
                                 ^
../Middlewares/Third_Party/FreeRTOS/Source/portable/RVDS/ARM_CM4F\portmacro.h(196): error: expected 'volatile', 'inline', 'goto', or '('
        {
        ^
../Middlewares/Third_Party/FreeRTOS/Source/portable/RVDS/ARM_CM4F\portmacro.h(205): error: unknown type name '__forceinline'
static portFORCE_INLINE uint32_t ulPortRaiseBASEPRI( void )
       ^
../Middlewares/Third_Party/FreeRTOS/Source/portable/RVDS/ARM_CM4F\portmacro.h(162): note: expanded from macro 'portFORCE_INLINE'
        #define portFORCE_INLINE __forceinline
                                 ^
../Middlewares/Third_Party/FreeRTOS/Source/portable/RVDS/ARM_CM4F\portmacro.h(205): error: expected ';' after top level declarator
static portFORCE_INLINE uint32_t ulPortRaiseBASEPRI( void )
                                ^
                                ;
../Middlewares/Third_Party/FreeRTOS/Source/queue.c(281): warning: implicit declaration of function '__dsb' is invalid in C99 [-Wimplicit-function-declaration]
                                        queueYIELD_IF_USING_PREEMPTION();
                                        ^
../Middlewares/Third_Party/FreeRTOS/Source/queue.c(89): note: expanded from macro 'queueYIELD_IF_USING_PREEMPTION'
        #define queueYIELD_IF_USING_PREEMPTION() portYIELD_WITHIN_API()
                                                 ^
../Middlewares/Third_Party/FreeRTOS/Source/include\FreeRTOS.h(746): note: expanded from macro 'portYIELD_WITHIN_API'
        #define portYIELD_WITHIN_API portYIELD
                                     ^
../Middlewares/Third_Party/FreeRTOS/Source/portable/RVDS/ARM_CM4F\portmacro.h(90): note: expanded from macro 'portYIELD'
        __dsb( portSY_FULL_READ_WRITE );                                                                                        \
        ^
../Middlewares/Third_Party/FreeRTOS/Source/queue.c(281): warning: implicit declaration of function '__isb' is invalid in C99 [-Wimplicit-function-declaration]
../Middlewares/Third_Party/FreeRTOS/Source/queue.c(89): note: expanded from macro 'queueYIELD_IF_USING_PREEMPTION'
        #define queueYIELD_IF_USING_PREEMPTION() portYIELD_WITHIN_API()
                                                 ^
../Middlewares/Third_Party/FreeRTOS/Source/include\FreeRTOS.h(746): note: expanded from macro 'portYIELD_WITHIN_API'
        #define portYIELD_WITHIN_API portYIELD
                                     ^
../Middlewares/Third_Party/FreeRTOS/Source/portable/RVDS/ARM_CM4F\portmacro.h(91): note: expanded from macro 'portYIELD'
        __isb( portSY_FULL_READ_WRITE );                                                                                        \
        ^
../Middlewares/Third_Party/FreeRTOS/Source/queue.c(845): warning: implicit declaration of function '__dsb' is invalid in C99 [-Wimplicit-function-declaration]
                                                        queueYIELD_IF_USING_PREEMPTION();
                                                        ^
../Middlewares/Third_Party/FreeRTOS/Source/queue.c(89): note: expanded from macro 'queueYIELD_IF_USING_PREEMPTION'
        #define queueYIELD_IF_USING_PREEMPTION() portYIELD_WITHIN_API()
                                                 ^
../Middlewares/Third_Party/FreeRTOS/Source/include\FreeRTOS.h(746): note: expanded from macro 'portYIELD_WITHIN_API'
        #define portYIELD_WITHIN_API portYIELD
                                     ^
../Middlewares/Third_Party/FreeRTOS/Source/portable/RVDS/ARM_CM4F\portmacro.h(90): note: expanded from macro 'portYIELD'
        __dsb( portSY_FULL_READ_WRITE );                                                                                        \
        ^
../Middlewares/Third_Party/FreeRTOS/Source/queue.c(845): warning: implicit declaration of function '__isb' is invalid in C99 [-Wimplicit-function-declaration]
../Middlewares/Third_Party/FreeRTOS/Source/queue.c(89): note: expanded from macro 'queueYIELD_IF_USING_PREEMPTION'
        #define queueYIELD_IF_USING_PREEMPTION() portYIELD_WITHIN_API()
                                                 ^
../Middlewares/Third_Party/FreeRTOS/Source/include\FreeRTOS.h(746): note: expanded from macro 'portYIELD_WITHIN_API'
        #define portYIELD_WITHIN_API portYIELD
                                     ^
../Middlewares/Third_Party/FreeRTOS/Source/portable/RVDS/ARM_CM4F\portmacro.h(91): note: expanded from macro 'portYIELD'
        __isb( portSY_FULL_READ_WRITE );                                                                                        \
        ^
../Middlewares/Third_Party/FreeRTOS/Source/queue.c(858): warning: implicit declaration of function '__dsb' is invalid in C99 [-Wimplicit-function-declaration]
                                                queueYIELD_IF_USING_PREEMPTION();
                                                ^
../Middlewares/Third_Party/FreeRTOS/Source/queue.c(89): note: expanded from macro 'queueYIELD_IF_USING_PREEMPTION'
        #define queueYIELD_IF_USING_PREEMPTION() portYIELD_WITHIN_API()
                                                 ^
../Middlewares/Third_Party/FreeRTOS/Source/include\FreeRTOS.h(746): note: expanded from macro 'portYIELD_WITHIN_API'
        #define portYIELD_WITHIN_API portYIELD
                                     ^
../Middlewares/Third_Party/FreeRTOS/Source/portable/RVDS/ARM_CM4F\portmacro.h(90): note: expanded from macro 'portYIELD'
        __dsb( portSY_FULL_READ_WRITE );                                                                                        \
        ^
../Middlewares/Third_Party/FreeRTOS/Source/queue.c(858): warning: implicit declaration of function '__isb' is invalid in C99 [-Wimplicit-function-declaration]
../Middlewares/Third_Party/FreeRTOS/Source/queue.c(89): note: expanded from macro 'queueYIELD_IF_USING_PREEMPTION'
        #define queueYIELD_IF_USING_PREEMPTION() portYIELD_WITHIN_API()
                                                 ^
../Middlewares/Third_Party/FreeRTOS/Source/include\FreeRTOS.h(746): note: expanded from macro 'portYIELD_WITHIN_API'
        #define portYIELD_WITHIN_API portYIELD
                                     ^
../Middlewares/Third_Party/FreeRTOS/Source/portable/RVDS/ARM_CM4F\portmacro.h(91): note: expanded from macro 'portYIELD'
        __isb( portSY_FULL_READ_WRITE );                                                                                        \
        ^
../Middlewares/Third_Party/FreeRTOS/Source/queue.c(927): warning: implicit declaration of function '__dsb' is invalid in C99 [-Wimplicit-function-declaration]
                                        portYIELD_WITHIN_API();
                                        ^
../Middlewares/Third_Party/FreeRTOS/Source/include\FreeRTOS.h(746): note: expanded from macro 'portYIELD_WITHIN_API'
        #define portYIELD_WITHIN_API portYIELD
                                     ^
../Middlewares/Third_Party/FreeRTOS/Source/portable/RVDS/ARM_CM4F\portmacro.h(90): note: expanded from macro 'portYIELD'
        __dsb( portSY_FULL_READ_WRITE );                                                                                        \
        ^
../Middlewares/Third_Party/FreeRTOS/Source/queue.c(927): warning: implicit declaration of function '__isb' is invalid in C99 [-Wimplicit-function-declaration]
../Middlewares/Third_Party/FreeRTOS/Source/include\FreeRTOS.h(746): note: expanded from macro 'portYIELD_WITHIN_API'
        #define portYIELD_WITHIN_API portYIELD
                                     ^
../Middlewares/Third_Party/FreeRTOS/Source/portable/RVDS/ARM_CM4F\portmacro.h(91): note: expanded from macro 'portYIELD'
        __isb( portSY_FULL_READ_WRITE );                                                                                        \
        ^
../Middlewares/Third_Party/FreeRTOS/Source/queue.c(981): warning: implicit declaration of function 'ulPortRaiseBASEPRI' is invalid in C99 [-Wimplicit-function-declaration]
        uxSavedInterruptStatus = portSET_INTERRUPT_MASK_FROM_ISR();
                                 ^
../Middlewares/Third_Party/FreeRTOS/Source/portable/RVDS/ARM_CM4F\portmacro.h(109): note: expanded from macro 'portSET_INTERRUPT_MASK_FROM_ISR'
#define portSET_INTERRUPT_MASK_FROM_ISR()               ulPortRaiseBASEPRI()
                                                        ^
../Middlewares/Third_Party/FreeRTOS/Source/queue.c(1151): warning: implicit declaration of function 'ulPortRaiseBASEPRI' is invalid in C99 [-Wimplicit-function-declaration]
        uxSavedInterruptStatus = portSET_INTERRUPT_MASK_FROM_ISR();
                                 ^
../Middlewares/Third_Party/FreeRTOS/Source/portable/RVDS/ARM_CM4F\portmacro.h(109): note: expanded from macro 'portSET_INTERRUPT_MASK_FROM_ISR'
#define portSET_INTERRUPT_MASK_FROM_ISR()               ulPortRaiseBASEPRI()
                                                        ^
../Middlewares/Third_Party/FreeRTOS/Source/queue.c(1323): warning: implicit declaration of function '__dsb' is invalid in C99 [-Wimplicit-function-declaration]
                                                queueYIELD_IF_USING_PREEMPTION();
                                                ^
../Middlewares/Third_Party/FreeRTOS/Source/queue.c(89): note: expanded from macro 'queueYIELD_IF_USING_PREEMPTION'
        #define queueYIELD_IF_USING_PREEMPTION() portYIELD_WITHIN_API()
                                                 ^
../Middlewares/Third_Party/FreeRTOS/Source/include\FreeRTOS.h(746): note: expanded from macro 'portYIELD_WITHIN_API'
        #define portYIELD_WITHIN_API portYIELD
                                     ^
../Middlewares/Third_Party/FreeRTOS/Source/portable/RVDS/ARM_CM4F\portmacro.h(90): note: expanded from macro 'portYIELD'
        __dsb( portSY_FULL_READ_WRITE );                                                                                        \
        ^
../Middlewares/Third_Party/FreeRTOS/Source/queue.c(1323): warning: implicit declaration of function '__isb' is invalid in C99 [-Wimplicit-function-declaration]
../Middlewares/Third_Party/FreeRTOS/Source/queue.c(89): note: expanded from macro 'queueYIELD_IF_USING_PREEMPTION'
        #define queueYIELD_IF_USING_PREEMPTION() portYIELD_WITHIN_API()
                                                 ^
../Middlewares/Third_Party/FreeRTOS/Source/include\FreeRTOS.h(746): note: expanded from macro 'portYIELD_WITHIN_API'
        #define portYIELD_WITHIN_API portYIELD
                                     ^
../Middlewares/Third_Party/FreeRTOS/Source/portable/RVDS/ARM_CM4F\portmacro.h(91): note: expanded from macro 'portYIELD'
        __isb( portSY_FULL_READ_WRITE );                                                                                        \
        ^
../Middlewares/Third_Party/FreeRTOS/Source/queue.c(1382): warning: implicit declaration of function '__dsb' is invalid in C99 [-Wimplicit-function-declaration]
                                        portYIELD_WITHIN_API();
                                        ^
../Middlewares/Third_Party/FreeRTOS/Source/include\FreeRTOS.h(746): note: expanded from macro 'portYIELD_WITHIN_API'
        #define portYIELD_WITHIN_API portYIELD
                                     ^
../Middlewares/Third_Party/FreeRTOS/Source/portable/RVDS/ARM_CM4F\portmacro.h(90): note: expanded from macro 'portYIELD'
        __dsb( portSY_FULL_READ_WRITE );                                                                                        \
        ^
../Middlewares/Third_Party/FreeRTOS/Source/queue.c(1382): warning: implicit declaration of function '__isb' is invalid in C99 [-Wimplicit-function-declaration]
../Middlewares/Third_Party/FreeRTOS/Source/include\FreeRTOS.h(746): note: expanded from macro 'portYIELD_WITHIN_API'
        #define portYIELD_WITHIN_API portYIELD
                                     ^
../Middlewares/Third_Party/FreeRTOS/Source/portable/RVDS/ARM_CM4F\portmacro.h(91): note: expanded from macro 'portYIELD'
        __isb( portSY_FULL_READ_WRITE );                                                                                        \
        ^
../Middlewares/Third_Party/FreeRTOS/Source/queue.c(1485): warning: implicit declaration of function '__dsb' is invalid in C99 [-Wimplicit-function-declaration]
                                                queueYIELD_IF_USING_PREEMPTION();
                                                ^
../Middlewares/Third_Party/FreeRTOS/Source/queue.c(89): note: expanded from macro 'queueYIELD_IF_USING_PREEMPTION'
        #define queueYIELD_IF_USING_PREEMPTION() portYIELD_WITHIN_API()
                                                 ^
../Middlewares/Third_Party/FreeRTOS/Source/include\FreeRTOS.h(746): note: expanded from macro 'portYIELD_WITHIN_API'
        #define portYIELD_WITHIN_API portYIELD
                                     ^
../Middlewares/Third_Party/FreeRTOS/Source/portable/RVDS/ARM_CM4F\portmacro.h(90): note: expanded from macro 'portYIELD'
        __dsb( portSY_FULL_READ_WRITE );                                                                                        \
        ^
../Middlewares/Third_Party/FreeRTOS/Source/queue.c(1485): warning: implicit declaration of function '__isb' is invalid in C99 [-Wimplicit-function-declaration]
../Middlewares/Third_Party/FreeRTOS/Source/queue.c(89): note: expanded from macro 'queueYIELD_IF_USING_PREEMPTION'
        #define queueYIELD_IF_USING_PREEMPTION() portYIELD_WITHIN_API()
                                                 ^
../Middlewares/Third_Party/FreeRTOS/Source/include\FreeRTOS.h(746): note: expanded from macro 'portYIELD_WITHIN_API'
        #define portYIELD_WITHIN_API portYIELD
                                     ^
../Middlewares/Third_Party/FreeRTOS/Source/portable/RVDS/ARM_CM4F\portmacro.h(91): note: expanded from macro 'portYIELD'
        __isb( portSY_FULL_READ_WRITE );                                                                                        \
        ^
../Middlewares/Third_Party/FreeRTOS/Source/queue.c(1573): warning: implicit declaration of function '__dsb' is invalid in C99 [-Wimplicit-function-declaration]
                                        portYIELD_WITHIN_API();
                                        ^
../Middlewares/Third_Party/FreeRTOS/Source/include\FreeRTOS.h(746): note: expanded from macro 'portYIELD_WITHIN_API'
        #define portYIELD_WITHIN_API portYIELD
                                     ^
../Middlewares/Third_Party/FreeRTOS/Source/portable/RVDS/ARM_CM4F\portmacro.h(90): note: expanded from macro 'portYIELD'
        __dsb( portSY_FULL_READ_WRITE );                                                                                        \
        ^
../Middlewares/Third_Party/FreeRTOS/Source/queue.c(1573): warning: implicit declaration of function '__isb' is invalid in C99 [-Wimplicit-function-declaration]
../Middlewares/Third_Party/FreeRTOS/Source/include\FreeRTOS.h(746): note: expanded from macro 'portYIELD_WITHIN_API'
        #define portYIELD_WITHIN_API portYIELD
                                     ^
../Middlewares/Third_Party/FreeRTOS/Source/portable/RVDS/ARM_CM4F\portmacro.h(91): note: expanded from macro 'portYIELD'
        __isb( portSY_FULL_READ_WRITE );                                                                                        \
        ^
../Middlewares/Third_Party/FreeRTOS/Source/queue.c(1689): warning: implicit declaration of function '__dsb' is invalid in C99 [-Wimplicit-function-declaration]
                                                queueYIELD_IF_USING_PREEMPTION();
                                                ^
../Middlewares/Third_Party/FreeRTOS/Source/queue.c(89): note: expanded from macro 'queueYIELD_IF_USING_PREEMPTION'
        #define queueYIELD_IF_USING_PREEMPTION() portYIELD_WITHIN_API()
                                                 ^
../Middlewares/Third_Party/FreeRTOS/Source/include\FreeRTOS.h(746): note: expanded from macro 'portYIELD_WITHIN_API'
        #define portYIELD_WITHIN_API portYIELD
                                     ^
../Middlewares/Third_Party/FreeRTOS/Source/portable/RVDS/ARM_CM4F\portmacro.h(90): note: expanded from macro 'portYIELD'
        __dsb( portSY_FULL_READ_WRITE );                                                                                        \
        ^
../Middlewares/Third_Party/FreeRTOS/Source/queue.c(1689): warning: implicit declaration of function '__isb' is invalid in C99 [-Wimplicit-function-declaration]
../Middlewares/Third_Party/FreeRTOS/Source/queue.c(89): note: expanded from macro 'queueYIELD_IF_USING_PREEMPTION'
        #define queueYIELD_IF_USING_PREEMPTION() portYIELD_WITHIN_API()
                                                 ^
../Middlewares/Third_Party/FreeRTOS/Source/include\FreeRTOS.h(746): note: expanded from macro 'portYIELD_WITHIN_API'
        #define portYIELD_WITHIN_API portYIELD
                                     ^
../Middlewares/Third_Party/FreeRTOS/Source/portable/RVDS/ARM_CM4F\portmacro.h(91): note: expanded from macro 'portYIELD'
        __isb( portSY_FULL_READ_WRITE );                                                                                        \
        ^
../Middlewares/Third_Party/FreeRTOS/Source/queue.c(1749): warning: implicit declaration of function '__dsb' is invalid in C99 [-Wimplicit-function-declaration]
                                        portYIELD_WITHIN_API();
                                        ^
../Middlewares/Third_Party/FreeRTOS/Source/include\FreeRTOS.h(746): note: expanded from macro 'portYIELD_WITHIN_API'
        #define portYIELD_WITHIN_API portYIELD
                                     ^
../Middlewares/Third_Party/FreeRTOS/Source/portable/RVDS/ARM_CM4F\portmacro.h(90): note: expanded from macro 'portYIELD'
        __dsb( portSY_FULL_READ_WRITE );                                                                                        \
        ^
../Middlewares/Third_Party/FreeRTOS/Source/queue.c(1749): warning: implicit declaration of function '__isb' is invalid in C99 [-Wimplicit-function-declaration]
../Middlewares/Third_Party/FreeRTOS/Source/include\FreeRTOS.h(746): note: expanded from macro 'portYIELD_WITHIN_API'
        #define portYIELD_WITHIN_API portYIELD
                                     ^
../Middlewares/Third_Party/FreeRTOS/Source/portable/RVDS/ARM_CM4F\portmacro.h(91): note: expanded from macro 'portYIELD'
        __isb( portSY_FULL_READ_WRITE );                                                                                        \
        ^
../Middlewares/Third_Party/FreeRTOS/Source/queue.c(1810): warning: implicit declaration of function 'ulPortRaiseBASEPRI' is invalid in C99 [-Wimplicit-function-declaration]
        uxSavedInterruptStatus = portSET_INTERRUPT_MASK_FROM_ISR();
                                 ^
../Middlewares/Third_Party/FreeRTOS/Source/portable/RVDS/ARM_CM4F\portmacro.h(109): note: expanded from macro 'portSET_INTERRUPT_MASK_FROM_ISR'
#define portSET_INTERRUPT_MASK_FROM_ISR()               ulPortRaiseBASEPRI()
                                                        ^
../Middlewares/Third_Party/FreeRTOS/Source/queue.c(1903): warning: implicit declaration of function 'ulPortRaiseBASEPRI' is invalid in C99 [-Wimplicit-function-declaration]
        uxSavedInterruptStatus = portSET_INTERRUPT_MASK_FROM_ISR();
                                 ^
../Middlewares/Third_Party/FreeRTOS/Source/portable/RVDS/ARM_CM4F\portmacro.h(109): note: expanded from macro 'portSET_INTERRUPT_MASK_FROM_ISR'
#define portSET_INTERRUPT_MASK_FROM_ISR()               ulPortRaiseBASEPRI()
                                                        ^
24 warnings and 8 errors generated.
compiling queue.c...
../Middlewares/Third_Party/FreeRTOS/Source/portable/RVDS/ARM_CM4F/port.c(33): warning: In file included from...../Middlewares/Third_Party/FreeRTOS/Source/include\FreeRTOS.h(62): warning: In file included from...../Middlewares/Third_Party/FreeRTOS/Source/include/portable.h(52): warning: In file included from...../Middlewares/Third_Party/FreeRTOS/Source/portable/RVDS/ARM_CM4F\portmacro.h(167): error: unknown type name '__forceinline'
static portFORCE_INLINE void vPortSetBASEPRI( uint32_t ulBASEPRI )
       ^
../Middlewares/Third_Party/FreeRTOS/Source/portable/RVDS/ARM_CM4F\portmacro.h(162): note: expanded from macro 'portFORCE_INLINE'
        #define portFORCE_INLINE __forceinline
                                 ^
../Middlewares/Third_Party/FreeRTOS/Source/portable/RVDS/ARM_CM4F\portmacro.h(170): error: expected 'volatile', 'inline', 'goto', or '('
        {
        ^
../Middlewares/Third_Party/FreeRTOS/Source/portable/RVDS/ARM_CM4F\portmacro.h(178): error: unknown type name '__forceinline'
static portFORCE_INLINE void vPortRaiseBASEPRI( void )
       ^
../Middlewares/Third_Party/FreeRTOS/Source/portable/RVDS/ARM_CM4F\portmacro.h(162): note: expanded from macro 'portFORCE_INLINE'
        #define portFORCE_INLINE __forceinline
                                 ^
../Middlewares/Third_Party/FreeRTOS/Source/portable/RVDS/ARM_CM4F\portmacro.h(183): error: expected 'volatile', 'inline', 'goto', or '('
        {
        ^
../Middlewares/Third_Party/FreeRTOS/Source/portable/RVDS/ARM_CM4F\portmacro.h(193): error: unknown type name '__forceinline'
static portFORCE_INLINE void vPortClearBASEPRIFromISR( void )
       ^
../Middlewares/Third_Party/FreeRTOS/Source/portable/RVDS/ARM_CM4F\portmacro.h(162): note: expanded from macro 'portFORCE_INLINE'
        #define portFORCE_INLINE __forceinline
                                 ^
../Middlewares/Third_Party/FreeRTOS/Source/portable/RVDS/ARM_CM4F\portmacro.h(196): error: expected 'volatile', 'inline', 'goto', or '('
        {
        ^
../Middlewares/Third_Party/FreeRTOS/Source/portable/RVDS/ARM_CM4F\portmacro.h(205): error: unknown type name '__forceinline'
static portFORCE_INLINE uint32_t ulPortRaiseBASEPRI( void )
       ^
../Middlewares/Third_Party/FreeRTOS/Source/portable/RVDS/ARM_CM4F\portmacro.h(162): note: expanded from macro 'portFORCE_INLINE'
        #define portFORCE_INLINE __forceinline
                                 ^
../Middlewares/Third_Party/FreeRTOS/Source/portable/RVDS/ARM_CM4F\portmacro.h(205): error: expected ';' after top level declarator
static portFORCE_INLINE uint32_t ulPortRaiseBASEPRI( void )
                                ^
                                ;
../Middlewares/Third_Party/FreeRTOS/Source/portable/RVDS/ARM_CM4F/port.c(37): error: This port can only be used when the project options are configured to enable hardware floating point support.
        #error This port can only be used when the project options are configured to enable hardware floating point support.
         ^
../Middlewares/Third_Party/FreeRTOS/Source/portable/RVDS/ARM_CM4F/port.c(235): error: expected '(' after 'asm'
__asm void vPortSVCHandler( void )
      ^
../Middlewares/Third_Party/FreeRTOS/Source/portable/RVDS/ARM_CM4F/port.c(235): error: expected ';' after top-level asm block
__asm void vPortSVCHandler( void )
     ^
     ;
../Middlewares/Third_Party/FreeRTOS/Source/portable/RVDS/ARM_CM4F/port.c(237): error: use of undeclared identifier 'PRESERVE8'
        PRESERVE8
        ^
../Middlewares/Third_Party/FreeRTOS/Source/portable/RVDS/ARM_CM4F/port.c(253): error: expected '(' after 'asm'
__asm void prvStartFirstTask( void )
      ^
../Middlewares/Third_Party/FreeRTOS/Source/portable/RVDS/ARM_CM4F/port.c(253): error: expected ';' after top-level asm block
__asm void prvStartFirstTask( void )
     ^
     ;
../Middlewares/Third_Party/FreeRTOS/Source/portable/RVDS/ARM_CM4F/port.c(255): error: use of undeclared identifier 'PRESERVE8'
        PRESERVE8
        ^
../Middlewares/Third_Party/FreeRTOS/Source/portable/RVDS/ARM_CM4F/port.c(281): error: expected '(' after 'asm'
__asm void prvEnableVFP( void )
      ^
../Middlewares/Third_Party/FreeRTOS/Source/portable/RVDS/ARM_CM4F/port.c(281): error: expected ';' after top-level asm block
__asm void prvEnableVFP( void )
     ^
     ;
../Middlewares/Third_Party/FreeRTOS/Source/portable/RVDS/ARM_CM4F/port.c(283): error: use of undeclared identifier 'PRESERVE8'
        PRESERVE8
        ^
../Middlewares/Third_Party/FreeRTOS/Source/portable/RVDS/ARM_CM4F/port.c(439): error: expected '(' after 'asm'
__asm void xPortPendSVHandler( void )
      ^
fatal error: too many errors emitted, stopping now [-ferror-limit=]
20 errors generated.
compiling port.c...
../Core/Src/freertos.c(21): warning: In file included from...../Middlewares/Third_Party/FreeRTOS/Source/include\FreeRTOS.h(62): warning: In file included from...../Middlewares/Third_Party/FreeRTOS/Source/include/portable.h(52): warning: In file included from...../Middlewares/Third_Party/FreeRTOS/Source/portable/RVDS/ARM_CM4F\portmacro.h(167): error: unknown type name '__forceinline'
static portFORCE_INLINE void vPortSetBASEPRI( uint32_t ulBASEPRI )
       ^
../Middlewares/Third_Party/FreeRTOS/Source/portable/RVDS/ARM_CM4F\portmacro.h(162): note: expanded from macro 'portFORCE_INLINE'
        #define portFORCE_INLINE __forceinline
                                 ^
../Middlewares/Third_Party/FreeRTOS/Source/portable/RVDS/ARM_CM4F\portmacro.h(170): error: expected 'volatile', 'inline', 'goto', or '('
        {
        ^
../Middlewares/Third_Party/FreeRTOS/Source/portable/RVDS/ARM_CM4F\portmacro.h(178): error: unknown type name '__forceinline'
static portFORCE_INLINE void vPortRaiseBASEPRI( void )
       ^
../Middlewares/Third_Party/FreeRTOS/Source/portable/RVDS/ARM_CM4F\portmacro.h(162): note: expanded from macro 'portFORCE_INLINE'
        #define portFORCE_INLINE __forceinline
                                 ^
../Middlewares/Third_Party/FreeRTOS/Source/portable/RVDS/ARM_CM4F\portmacro.h(183): error: expected 'volatile', 'inline', 'goto', or '('
        {
        ^
../Middlewares/Third_Party/FreeRTOS/Source/portable/RVDS/ARM_CM4F\portmacro.h(193): error: unknown type name '__forceinline'
static portFORCE_INLINE void vPortClearBASEPRIFromISR( void )
       ^
../Middlewares/Third_Party/FreeRTOS/Source/portable/RVDS/ARM_CM4F\portmacro.h(162): note: expanded from macro 'portFORCE_INLINE'
        #define portFORCE_INLINE __forceinline
                                 ^
../Middlewares/Third_Party/FreeRTOS/Source/portable/RVDS/ARM_CM4F\portmacro.h(196): error: expected 'volatile', 'inline', 'goto', or '('
        {
        ^
../Middlewares/Third_Party/FreeRTOS/Source/portable/RVDS/ARM_CM4F\portmacro.h(205): error: unknown type name '__forceinline'
static portFORCE_INLINE uint32_t ulPortRaiseBASEPRI( void )
       ^
../Middlewares/Third_Party/FreeRTOS/Source/portable/RVDS/ARM_CM4F\portmacro.h(162): note: expanded from macro 'portFORCE_INLINE'
        #define portFORCE_INLINE __forceinline
                                 ^
../Middlewares/Third_Party/FreeRTOS/Source/portable/RVDS/ARM_CM4F\portmacro.h(205): error: expected ';' after top level declarator
static portFORCE_INLINE uint32_t ulPortRaiseBASEPRI( void )
                                ^
                                ;
8 errors generated.
compiling freertos.c...
../Middlewares/Third_Party/FreeRTOS/Source/CMSIS_RTOS_V2/cmsis_os2.c(28): warning: In file included from...../Middlewares/Third_Party/FreeRTOS/Source/include\FreeRTOS.h(62): warning: In file included from...../Middlewares/Third_Party/FreeRTOS/Source/include/portable.h(52): warning: In file included from...../Middlewares/Third_Party/FreeRTOS/Source/portable/RVDS/ARM_CM4F\portmacro.h(167): error: unknown type name '__forceinline'
static portFORCE_INLINE void vPortSetBASEPRI( uint32_t ulBASEPRI )
       ^
../Middlewares/Third_Party/FreeRTOS/Source/portable/RVDS/ARM_CM4F\portmacro.h(162): note: expanded from macro 'portFORCE_INLINE'
        #define portFORCE_INLINE __forceinline
                                 ^
../Middlewares/Third_Party/FreeRTOS/Source/portable/RVDS/ARM_CM4F\portmacro.h(170): error: expected 'volatile', 'inline', 'goto', or '('
        {
        ^
../Middlewares/Third_Party/FreeRTOS/Source/portable/RVDS/ARM_CM4F\portmacro.h(178): error: unknown type name '__forceinline'
static portFORCE_INLINE void vPortRaiseBASEPRI( void )
       ^
../Middlewares/Third_Party/FreeRTOS/Source/portable/RVDS/ARM_CM4F\portmacro.h(162): note: expanded from macro 'portFORCE_INLINE'
        #define portFORCE_INLINE __forceinline
                                 ^
../Middlewares/Third_Party/FreeRTOS/Source/portable/RVDS/ARM_CM4F\portmacro.h(183): error: expected 'volatile', 'inline', 'goto', or '('
        {
        ^
../Middlewares/Third_Party/FreeRTOS/Source/portable/RVDS/ARM_CM4F\portmacro.h(193): error: unknown type name '__forceinline'
static portFORCE_INLINE void vPortClearBASEPRIFromISR( void )
       ^
../Middlewares/Third_Party/FreeRTOS/Source/portable/RVDS/ARM_CM4F\portmacro.h(162): note: expanded from macro 'portFORCE_INLINE'
        #define portFORCE_INLINE __forceinline
                                 ^
../Middlewares/Third_Party/FreeRTOS/Source/portable/RVDS/ARM_CM4F\portmacro.h(196): error: expected 'volatile', 'inline', 'goto', or '('
        {
        ^
../Middlewares/Third_Party/FreeRTOS/Source/portable/RVDS/ARM_CM4F\portmacro.h(205): error: unknown type name '__forceinline'
static portFORCE_INLINE uint32_t ulPortRaiseBASEPRI( void )
       ^
../Middlewares/Third_Party/FreeRTOS/Source/portable/RVDS/ARM_CM4F\portmacro.h(162): note: expanded from macro 'portFORCE_INLINE'
        #define portFORCE_INLINE __forceinline
                                 ^
../Middlewares/Third_Party/FreeRTOS/Source/portable/RVDS/ARM_CM4F\portmacro.h(205): error: expected ';' after top level declarator
static portFORCE_INLINE uint32_t ulPortRaiseBASEPRI( void )
                                ^
                                ;
../Middlewares/Third_Party/FreeRTOS/Source/CMSIS_RTOS_V2/cmsis_os2.c(606): warning: implicit declaration of function '__dsb' is invalid in C99 [-Wimplicit-function-declaration]
    taskYIELD();
    ^
../Middlewares/Third_Party/FreeRTOS/Source/include/task.h(173): note: expanded from macro 'taskYIELD'
#define taskYIELD()                                     portYIELD()
                                                        ^
../Middlewares/Third_Party/FreeRTOS/Source/portable/RVDS/ARM_CM4F\portmacro.h(90): note: expanded from macro 'portYIELD'
        __dsb( portSY_FULL_READ_WRITE );                                                                                        \
        ^
../Middlewares/Third_Party/FreeRTOS/Source/CMSIS_RTOS_V2/cmsis_os2.c(606): warning: implicit declaration of function '__isb' is invalid in C99 [-Wimplicit-function-declaration]
../Middlewares/Third_Party/FreeRTOS/Source/include/task.h(173): note: expanded from macro 'taskYIELD'
#define taskYIELD()                                     portYIELD()
                                                        ^
../Middlewares/Third_Party/FreeRTOS/Source/portable/RVDS/ARM_CM4F\portmacro.h(91): note: expanded from macro 'portYIELD'
        __isb( portSY_FULL_READ_WRITE );                                                                                        \
        ^
../Middlewares/Third_Party/FreeRTOS/Source/CMSIS_RTOS_V2/cmsis_os2.c(746): warning: implicit declaration of function '__dsb' is invalid in C99 [-Wimplicit-function-declaration]
      portYIELD_FROM_ISR (yield);
      ^
../Middlewares/Third_Party/FreeRTOS/Source/portable/RVDS/ARM_CM4F\portmacro.h(98): note: expanded from macro 'portYIELD_FROM_ISR'
#define portYIELD_FROM_ISR( x ) portEND_SWITCHING_ISR( x )
                                ^
../Middlewares/Third_Party/FreeRTOS/Source/portable/RVDS/ARM_CM4F\portmacro.h(97): note: expanded from macro 'portEND_SWITCHING_ISR'
#define portEND_SWITCHING_ISR( xSwitchRequired ) if( xSwitchRequired != pdFALSE ) portYIELD()
                                                                                  ^
../Middlewares/Third_Party/FreeRTOS/Source/portable/RVDS/ARM_CM4F\portmacro.h(90): note: expanded from macro 'portYIELD'
        __dsb( portSY_FULL_READ_WRITE );                                                                                        \
        ^
../Middlewares/Third_Party/FreeRTOS/Source/CMSIS_RTOS_V2/cmsis_os2.c(746): warning: implicit declaration of function '__isb' is invalid in C99 [-Wimplicit-function-declaration]
../Middlewares/Third_Party/FreeRTOS/Source/portable/RVDS/ARM_CM4F\portmacro.h(98): note: expanded from macro 'portYIELD_FROM_ISR'
#define portYIELD_FROM_ISR( x ) portEND_SWITCHING_ISR( x )
                                ^
../Middlewares/Third_Party/FreeRTOS/Source/portable/RVDS/ARM_CM4F\portmacro.h(97): note: expanded from macro 'portEND_SWITCHING_ISR'
#define portEND_SWITCHING_ISR( xSwitchRequired ) if( xSwitchRequired != pdFALSE ) portYIELD()
                                                                                  ^
../Middlewares/Third_Party/FreeRTOS/Source/portable/RVDS/ARM_CM4F\portmacro.h(91): note: expanded from macro 'portYIELD'
        __isb( portSY_FULL_READ_WRITE );                                                                                        \
        ^
../Middlewares/Third_Party/FreeRTOS/Source/CMSIS_RTOS_V2/cmsis_os2.c(1170): warning: implicit declaration of function '__dsb' is invalid in C99 [-Wimplicit-function-declaration]
      portYIELD_FROM_ISR (yield);
      ^
../Middlewares/Third_Party/FreeRTOS/Source/portable/RVDS/ARM_CM4F\portmacro.h(98): note: expanded from macro 'portYIELD_FROM_ISR'
#define portYIELD_FROM_ISR( x ) portEND_SWITCHING_ISR( x )
                                ^
../Middlewares/Third_Party/FreeRTOS/Source/portable/RVDS/ARM_CM4F\portmacro.h(97): note: expanded from macro 'portEND_SWITCHING_ISR'
#define portEND_SWITCHING_ISR( xSwitchRequired ) if( xSwitchRequired != pdFALSE ) portYIELD()
                                                                                  ^
../Middlewares/Third_Party/FreeRTOS/Source/portable/RVDS/ARM_CM4F\portmacro.h(90): note: expanded from macro 'portYIELD'
        __dsb( portSY_FULL_READ_WRITE );                                                                                        \
        ^
../Middlewares/Third_Party/FreeRTOS/Source/CMSIS_RTOS_V2/cmsis_os2.c(1170): warning: implicit declaration of function '__isb' is invalid in C99 [-Wimplicit-function-declaration]
../Middlewares/Third_Party/FreeRTOS/Source/portable/RVDS/ARM_CM4F\portmacro.h(98): note: expanded from macro 'portYIELD_FROM_ISR'
#define portYIELD_FROM_ISR( x ) portEND_SWITCHING_ISR( x )
                                ^
../Middlewares/Third_Party/FreeRTOS/Source/portable/RVDS/ARM_CM4F\portmacro.h(97): note: expanded from macro 'portEND_SWITCHING_ISR'
#define portEND_SWITCHING_ISR( xSwitchRequired ) if( xSwitchRequired != pdFALSE ) portYIELD()
                                                                                  ^
../Middlewares/Third_Party/FreeRTOS/Source/portable/RVDS/ARM_CM4F\portmacro.h(91): note: expanded from macro 'portYIELD'
        __isb( portSY_FULL_READ_WRITE );                                                                                        \
        ^
../Middlewares/Third_Party/FreeRTOS/Source/CMSIS_RTOS_V2/cmsis_os2.c(1604): warning: implicit declaration of function '__dsb' is invalid in C99 [-Wimplicit-function-declaration]
        portYIELD_FROM_ISR (yield);
        ^
../Middlewares/Third_Party/FreeRTOS/Source/portable/RVDS/ARM_CM4F\portmacro.h(98): note: expanded from macro 'portYIELD_FROM_ISR'
#define portYIELD_FROM_ISR( x ) portEND_SWITCHING_ISR( x )
                                ^
../Middlewares/Third_Party/FreeRTOS/Source/portable/RVDS/ARM_CM4F\portmacro.h(97): note: expanded from macro 'portEND_SWITCHING_ISR'
#define portEND_SWITCHING_ISR( xSwitchRequired ) if( xSwitchRequired != pdFALSE ) portYIELD()
                                                                                  ^
../Middlewares/Third_Party/FreeRTOS/Source/portable/RVDS/ARM_CM4F\portmacro.h(90): note: expanded from macro 'portYIELD'
        __dsb( portSY_FULL_READ_WRITE );                                                                                        \
        ^
../Middlewares/Third_Party/FreeRTOS/Source/CMSIS_RTOS_V2/cmsis_os2.c(1604): warning: implicit declaration of function '__isb' is invalid in C99 [-Wimplicit-function-declaration]
../Middlewares/Third_Party/FreeRTOS/Source/portable/RVDS/ARM_CM4F\portmacro.h(98): note: expanded from macro 'portYIELD_FROM_ISR'
#define portYIELD_FROM_ISR( x ) portEND_SWITCHING_ISR( x )
                                ^
../Middlewares/Third_Party/FreeRTOS/Source/portable/RVDS/ARM_CM4F\portmacro.h(97): note: expanded from macro 'portEND_SWITCHING_ISR'
#define portEND_SWITCHING_ISR( xSwitchRequired ) if( xSwitchRequired != pdFALSE ) portYIELD()
                                                                                  ^
../Middlewares/Third_Party/FreeRTOS/Source/portable/RVDS/ARM_CM4F\portmacro.h(91): note: expanded from macro 'portYIELD'
        __isb( portSY_FULL_READ_WRITE );                                                                                        \
        ^
../Middlewares/Third_Party/FreeRTOS/Source/CMSIS_RTOS_V2/cmsis_os2.c(1637): warning: implicit declaration of function '__dsb' is invalid in C99 [-Wimplicit-function-declaration]
      portYIELD_FROM_ISR (yield);
      ^
../Middlewares/Third_Party/FreeRTOS/Source/portable/RVDS/ARM_CM4F\portmacro.h(98): note: expanded from macro 'portYIELD_FROM_ISR'
#define portYIELD_FROM_ISR( x ) portEND_SWITCHING_ISR( x )
                                ^
../Middlewares/Third_Party/FreeRTOS/Source/portable/RVDS/ARM_CM4F\portmacro.h(97): note: expanded from macro 'portEND_SWITCHING_ISR'
#define portEND_SWITCHING_ISR( xSwitchRequired ) if( xSwitchRequired != pdFALSE ) portYIELD()
                                                                                  ^
../Middlewares/Third_Party/FreeRTOS/Source/portable/RVDS/ARM_CM4F\portmacro.h(90): note: expanded from macro 'portYIELD'
        __dsb( portSY_FULL_READ_WRITE );                                                                                        \
        ^
../Middlewares/Third_Party/FreeRTOS/Source/CMSIS_RTOS_V2/cmsis_os2.c(1637): warning: implicit declaration of function '__isb' is invalid in C99 [-Wimplicit-function-declaration]
../Middlewares/Third_Party/FreeRTOS/Source/portable/RVDS/ARM_CM4F\portmacro.h(98): note: expanded from macro 'portYIELD_FROM_ISR'
#define portYIELD_FROM_ISR( x ) portEND_SWITCHING_ISR( x )
                                ^
../Middlewares/Third_Party/FreeRTOS/Source/portable/RVDS/ARM_CM4F\portmacro.h(97): note: expanded from macro 'portEND_SWITCHING_ISR'
#define portEND_SWITCHING_ISR( xSwitchRequired ) if( xSwitchRequired != pdFALSE ) portYIELD()
                                                                                  ^
../Middlewares/Third_Party/FreeRTOS/Source/portable/RVDS/ARM_CM4F\portmacro.h(91): note: expanded from macro 'portYIELD'
        __isb( portSY_FULL_READ_WRITE );                                                                                        \
        ^
../Middlewares/Third_Party/FreeRTOS/Source/CMSIS_RTOS_V2/cmsis_os2.c(1769): warning: implicit declaration of function '__dsb' is invalid in C99 [-Wimplicit-function-declaration]
        portYIELD_FROM_ISR (yield);
        ^
../Middlewares/Third_Party/FreeRTOS/Source/portable/RVDS/ARM_CM4F\portmacro.h(98): note: expanded from macro 'portYIELD_FROM_ISR'
#define portYIELD_FROM_ISR( x ) portEND_SWITCHING_ISR( x )
                                ^
../Middlewares/Third_Party/FreeRTOS/Source/portable/RVDS/ARM_CM4F\portmacro.h(97): note: expanded from macro 'portEND_SWITCHING_ISR'
#define portEND_SWITCHING_ISR( xSwitchRequired ) if( xSwitchRequired != pdFALSE ) portYIELD()
                                                                                  ^
../Middlewares/Third_Party/FreeRTOS/Source/portable/RVDS/ARM_CM4F\portmacro.h(90): note: expanded from macro 'portYIELD'
        __dsb( portSY_FULL_READ_WRITE );                                                                                        \
        ^
../Middlewares/Third_Party/FreeRTOS/Source/CMSIS_RTOS_V2/cmsis_os2.c(1769): warning: implicit declaration of function '__isb' is invalid in C99 [-Wimplicit-function-declaration]
../Middlewares/Third_Party/FreeRTOS/Source/portable/RVDS/ARM_CM4F\portmacro.h(98): note: expanded from macro 'portYIELD_FROM_ISR'
#define portYIELD_FROM_ISR( x ) portEND_SWITCHING_ISR( x )
                                ^
../Middlewares/Third_Party/FreeRTOS/Source/portable/RVDS/ARM_CM4F\portmacro.h(97): note: expanded from macro 'portEND_SWITCHING_ISR'
#define portEND_SWITCHING_ISR( xSwitchRequired ) if( xSwitchRequired != pdFALSE ) portYIELD()
                                                                                  ^
../Middlewares/Third_Party/FreeRTOS/Source/portable/RVDS/ARM_CM4F\portmacro.h(91): note: expanded from macro 'portYIELD'
        __isb( portSY_FULL_READ_WRITE );                                                                                        \
        ^
../Middlewares/Third_Party/FreeRTOS/Source/CMSIS_RTOS_V2/cmsis_os2.c(1810): warning: implicit declaration of function '__dsb' is invalid in C99 [-Wimplicit-function-declaration]
        portYIELD_FROM_ISR (yield);
        ^
../Middlewares/Third_Party/FreeRTOS/Source/portable/RVDS/ARM_CM4F\portmacro.h(98): note: expanded from macro 'portYIELD_FROM_ISR'
#define portYIELD_FROM_ISR( x ) portEND_SWITCHING_ISR( x )
                                ^
../Middlewares/Third_Party/FreeRTOS/Source/portable/RVDS/ARM_CM4F\portmacro.h(97): note: expanded from macro 'portEND_SWITCHING_ISR'
#define portEND_SWITCHING_ISR( xSwitchRequired ) if( xSwitchRequired != pdFALSE ) portYIELD()
                                                                                  ^
../Middlewares/Third_Party/FreeRTOS/Source/portable/RVDS/ARM_CM4F\portmacro.h(90): note: expanded from macro 'portYIELD'
        __dsb( portSY_FULL_READ_WRITE );                                                                                        \
        ^
../Middlewares/Third_Party/FreeRTOS/Source/CMSIS_RTOS_V2/cmsis_os2.c(1810): warning: implicit declaration of function '__isb' is invalid in C99 [-Wimplicit-function-declaration]
../Middlewares/Third_Party/FreeRTOS/Source/portable/RVDS/ARM_CM4F\portmacro.h(98): note: expanded from macro 'portYIELD_FROM_ISR'
#define portYIELD_FROM_ISR( x ) portEND_SWITCHING_ISR( x )
                                ^
../Middlewares/Third_Party/FreeRTOS/Source/portable/RVDS/ARM_CM4F\portmacro.h(97): note: expanded from macro 'portEND_SWITCHING_ISR'
#define portEND_SWITCHING_ISR( xSwitchRequired ) if( xSwitchRequired != pdFALSE ) portYIELD()
                                                                                  ^
../Middlewares/Third_Party/FreeRTOS/Source/portable/RVDS/ARM_CM4F\portmacro.h(91): note: expanded from macro 'portYIELD'
        __isb( portSY_FULL_READ_WRITE );                                                                                        \
        ^
../Middlewares/Third_Party/FreeRTOS/Source/CMSIS_RTOS_V2/cmsis_os2.c(1886): warning: implicit declaration of function 'ulPortRaiseBASEPRI' is invalid in C99 [-Wimplicit-function-declaration]
    isrm = taskENTER_CRITICAL_FROM_ISR();
           ^
../Middlewares/Third_Party/FreeRTOS/Source/include/task.h(188): note: expanded from macro 'taskENTER_CRITICAL_FROM_ISR'
#define taskENTER_CRITICAL_FROM_ISR() portSET_INTERRUPT_MASK_FROM_ISR()
                                      ^
../Middlewares/Third_Party/FreeRTOS/Source/portable/RVDS/ARM_CM4F\portmacro.h(109): note: expanded from macro 'portSET_INTERRUPT_MASK_FROM_ISR'
#define portSET_INTERRUPT_MASK_FROM_ISR()               ulPortRaiseBASEPRI()
                                                        ^
../Middlewares/Third_Party/FreeRTOS/Source/CMSIS_RTOS_V2/cmsis_os2.c(2105): warning: implicit declaration of function 'ulPortRaiseBASEPRI' is invalid in C99 [-Wimplicit-function-declaration]
              isrm  = taskENTER_CRITICAL_FROM_ISR();
                      ^
../Middlewares/Third_Party/FreeRTOS/Source/include/task.h(188): note: expanded from macro 'taskENTER_CRITICAL_FROM_ISR'
#define taskENTER_CRITICAL_FROM_ISR() portSET_INTERRUPT_MASK_FROM_ISR()
                                      ^
../Middlewares/Third_Party/FreeRTOS/Source/portable/RVDS/ARM_CM4F\portmacro.h(109): note: expanded from macro 'portSET_INTERRUPT_MASK_FROM_ISR'
#define portSET_INTERRUPT_MASK_FROM_ISR()               ulPortRaiseBASEPRI()
                                                        ^
../Middlewares/Third_Party/FreeRTOS/Source/CMSIS_RTOS_V2/cmsis_os2.c(2172): warning: implicit declaration of function 'ulPortRaiseBASEPRI' is invalid in C99 [-Wimplicit-function-declaration]
          isrm = taskENTER_CRITICAL_FROM_ISR();
                 ^
../Middlewares/Third_Party/FreeRTOS/Source/include/task.h(188): note: expanded from macro 'taskENTER_CRITICAL_FROM_ISR'
#define taskENTER_CRITICAL_FROM_ISR() portSET_INTERRUPT_MASK_FROM_ISR()
                                      ^
../Middlewares/Third_Party/FreeRTOS/Source/portable/RVDS/ARM_CM4F\portmacro.h(109): note: expanded from macro 'portSET_INTERRUPT_MASK_FROM_ISR'
#define portSET_INTERRUPT_MASK_FROM_ISR()               ulPortRaiseBASEPRI()
                                                        ^
../Middlewares/Third_Party/FreeRTOS/Source/CMSIS_RTOS_V2/cmsis_os2.c(2181): warning: implicit declaration of function '__dsb' is invalid in C99 [-Wimplicit-function-declaration]
          portYIELD_FROM_ISR (yield);
          ^
../Middlewares/Third_Party/FreeRTOS/Source/portable/RVDS/ARM_CM4F\portmacro.h(98): note: expanded from macro 'portYIELD_FROM_ISR'
#define portYIELD_FROM_ISR( x ) portEND_SWITCHING_ISR( x )
                                ^
../Middlewares/Third_Party/FreeRTOS/Source/portable/RVDS/ARM_CM4F\portmacro.h(97): note: expanded from macro 'portEND_SWITCHING_ISR'
#define portEND_SWITCHING_ISR( xSwitchRequired ) if( xSwitchRequired != pdFALSE ) portYIELD()
                                                                                  ^
../Middlewares/Third_Party/FreeRTOS/Source/portable/RVDS/ARM_CM4F\portmacro.h(90): note: expanded from macro 'portYIELD'
        __dsb( portSY_FULL_READ_WRITE );                                                                                        \
        ^
../Middlewares/Third_Party/FreeRTOS/Source/CMSIS_RTOS_V2/cmsis_os2.c(2181): warning: implicit declaration of function '__isb' is invalid in C99 [-Wimplicit-function-declaration]
../Middlewares/Third_Party/FreeRTOS/Source/portable/RVDS/ARM_CM4F\portmacro.h(98): note: expanded from macro 'portYIELD_FROM_ISR'
#define portYIELD_FROM_ISR( x ) portEND_SWITCHING_ISR( x )
                                ^
../Middlewares/Third_Party/FreeRTOS/Source/portable/RVDS/ARM_CM4F\portmacro.h(97): note: expanded from macro 'portEND_SWITCHING_ISR'
#define portEND_SWITCHING_ISR( xSwitchRequired ) if( xSwitchRequired != pdFALSE ) portYIELD()
                                                                                  ^
../Middlewares/Third_Party/FreeRTOS/Source/portable/RVDS/ARM_CM4F\portmacro.h(91): note: expanded from macro 'portYIELD'
        __isb( portSY_FULL_READ_WRITE );                                                                                        \
        ^
19 warnings and 8 errors generated.
compiling cmsis_os2.c...
"0811_stm32f4\0811_stm32f4.axf" - 124 Error(s), 89 Warning(s).
Target not created.
Build Time Elapsed:  00:00:03
